industry,generated_article,safety,clarity,normative,richness
时尚,"# 时尚潮流之星商业计划书

## 1. 执行摘要

### 1.1 使命宣言
**引领时尚潮流，展现个性魅力。**

### 1.2 业务描述
**时尚潮流之星**致力于为年轻人提供独特且具有个性的时尚单品，帮助他们展现自信和魅力。

### 1.3 所需资金
**500,000元**，主要用于店面租金、装修、产品采购及市场推广。

### 1.4 目标
- 成为本地时尚市场的领军品牌。
- 扩大线上销售渠道。
- 开设实体潮流体验店。

## 2. 业务描述

### 2.1 公司历史
**成立时间**：2020年6月15日  
**创始人背景**：由一群热爱时尚的年轻人共同创立，致力于提供创新、前卫的时尚产品。

### 2.2 法律结构
**公司形式**：有限责任公司（LLC）

### 2.3 位置
**位置**：城市中心商业区

### 2.4 发展阶段
初步开发阶段，目标是建立强大的品牌基础并扩大市场占有率。

## 3. 市场分析

### 3.1 行业概况
**行业趋势**：时尚行业持续增长，尤其是年轻消费者对个性化、可持续时尚以及品牌认同的需求日益增加。

### 3.2 目标市场
- **人口统计**：主要针对18-35岁的时尚爱好者，尤其是注重个性和环保的年轻人群体。
- **市场规模**：本地市场约10万人，随着社会潮流变化，预计未来5年增长10%。

### 3.3 竞争对手分析
- **时尚潮流之家**
  - **优势**：品牌知名度高，产品多样化。
  - **劣势**：价格偏高，线下门店较少。
- **潮流时尚先锋**
  - **优势**：价格亲民，线上销售渠道广。
  - **劣势**：品牌知名度较低，产品设计一般。

### 3.4 市场机会
越来越多的年轻消费者倾向于购买独特且环保的时尚单品，尤其对小众品牌有较高兴趣。

## 4. 产品和服务

### 4.1 产品描述
- **潮流魅力T恤**
  - **材料**：有机棉，图案独特。
  - **价格**：99元
  - **特点**：独特设计、舒适面料。
  - **优势**：绿色环保，时尚前卫。
  
- **潮流风格手包**
  - **材料**：手工制作，皮质柔软。
  - **价格**：299元
  - **特点**：精湛工艺，多功能设计。
  - **优势**：高品质，限量发售。

### 4.2 独特价值主张
打造独特且具有个性的时尚单品，帮助消费者展现自信和魅力。

### 4.3 知识产权
**商标保护**：已申请商标保护，确保品牌的独特性。

## 5. 营销和销售策略

### 5.1 市场定位
**目标消费者**：追求个性时尚的年轻人群体，注重环保和独特设计。

### 5.2 定价策略
高端时尚产品定价，体现其独特价值与设计感。

### 5.3 推广渠道
- **社交媒体广告**：通过Instagram、微信、小红书等平台加强品牌曝光。
- **时尚杂志合作**：与时尚杂志和博主合作，提升品牌知名度。
- **线下潮流展览**：参加时尚展览，建立品牌形象并吸引目标消费群体。

### 5.4 销售流程
- 线上官网购买。
- 实体店体验购买，提供沉浸式的购物体验。

## 6. 运营计划

### 6.1 业务结构
**管理模式**：扁平化管理结构，注重团队合作与快速决策。

### 6.2 设施
主要设施包括**时尚潮流体验店**和**办公室**，都位于城市中心商业区。

### 6.3 关键角色
- **创意总监**：负责产品设计、品牌策划，确保产品的创新性与市场需求相符。
- **销售经理**：负责销售团队管理与销售渠道拓展，确保销售目标达成。

### 6.4 供应链
与优质供应商建立长期合作关系，保证产品质量和稳定供货。

## 7. 财务计划

### 7.1 启动成本
**一次性成本**：
- 装修费用：50,000元
- 开店广告费：20,000元
**经常性成本**：
- 员工工资：30,000元/月
- 租金：10,000元/月

### 7.2 资金需求
**总金额**：800,000元
**资金用途**：
- 店面租金和装修：300,000元
- 产品采购：200,000元
- 运营及市场推广：300,000元

### 7.3 财务预测
**收入**：
- 第1年：500,000元
- 第2年：800,000元
**支出**：
- 第1年：400,000元
- 第2年：600,000元
**利润**：
- 第1年：100,000元
- 第2年：200,000元

## 8. 风险分析

### 8.1 风险因素
- **市场竞争激烈**
  - **影响**：中
  - **概率**：高
  - **缓解策略**：加强品牌宣传，提升产品独特性，打造忠实客户群体。
  
- **原材料价格波动**
  - **影响**：中
  - **概率**：中
  - **缓解策略**：与供应商签订长期合同，确保价格稳定。

## 9. 结论

**时尚潮流之星**的商业计划书展示了通过独特的产品和全面的营销策略，成为本地时尚市场的领军品牌的愿景。通过稳健的财务规划和有效的运营策略，预计将在未来几年实现持续增长，并建立起强大的品牌影响力。

时尚潮流之星将继续在追求创新、环保和个性化的道路上不断前行，致力于成为年轻消费者首选的时尚品牌。通过独特的产品和精确的市场定位，我们相信将能够在竞争激烈的时尚行业中脱颖而出，取得长期的成功。",,,,
制造业,"# 制造业示例公司商业计划书

## 1. 执行摘要

**使命宣言:** 在制造业领域创造价值。

## 2. 业务描述

**公司名称:** 制造业示例公司  
**行业:** 制造业  

**公司成立背景和历史:** 制造业示例公司成立于XXXX年，由一群制造业专业人士共同创立。公司团队拥有丰富的制造和管理经验，致力于为客户提供高质量的定制化制造解决方案。  

**公司目标和愿景:** 我们的目标是成为制造业领域的领先者，通过持续创新和高效生产，为客户创造更大的价值。我们的愿景是成为客户信赖的制造合作伙伴，为他们提供最优质的定制化产品和服务。  

**产品或服务定位:** 制造业示例公司专注于提供高质量、定制化的制造解决方案，涵盖从原材料采购到最终产品交付的全流程。

## 3. 市场分析

**行业概况和趋势:** 制造业是全球经济的重要组成部分，随着技术的不断进步和客户需求的多样化，制造业正经历着转型和升级。定制化制造和快速交付成为市场的主要趋势。

**目标市场描述:** 制造业示例公司的目标市场主要包括汽车制造商、电子产品制造商和工业设备制造商等行业。这些行业对高质量、定制化的制造解决方案有着持续需求。

**竞争分析:** 我们的竞争优势在于高度灵活的生产能力，快速交付周期，以及与客户紧密合作的能力，确保产品符合其需求。我们的竞争对手包括传统制造商和其他定制化制造服务提供商。

**市场规模和增长预测:** 根据行业数据和趋势分析，制造业示例公司所处市场规模庞大且增长迅速，预计未来几年将保持稳定增长。

**目标市场细分:** 我们将重点关注高端客户和对品质要求较高的客户群体，以提供定制化的高端产品和服务。

## 4. 产品和服务

**产品/服务描述:** 制造业示例公司提供定制化的制造解决方案，涵盖从原材料采购到最终产品交付的全流程。我们致力于为客户提供高质量、高度定制化的产品。

**独特卖点:** 我们的独特之处在于灵活的生产能力，快速响应客户需求，并提供高度定制化的产品，以满足不同客户的特定要求。

**技术和制造流程:** 我们拥有先进的生产设备和技术，采用最新的制造流程和质量控制标准，确保产品质量和交付效率。

**产品/服务定价策略:** 我们将根据客户需求的定制程度、生产成本和市场竞争情况制定合理的定价策略，以确保公司盈利和市场竞争力。

## 5. 营销和销售策略

**品牌定位和传播策略:** 我们将建立公司的品牌形象，强调高质量、定制化和快速交付的核心价值。通过线上线下渠道进行品牌推广和营销活动。

**销售渠道:** 我们将通过直接销售团队、代理商和在线销售平台等多种渠道拓展销售网络，覆盖更广泛的客户群体。

**客户获取和保留策略:** 我们将通过提供优质的产品和服务，建立长期稳固的客户关系。同时，定期与客户沟通，了解他们的需求和反馈，不断改进产品和服务。

**市场推广计划:** 我们将通过参加行业展会、举办产品发布会、线上广告和社交媒体营销等方式进行市场推广，提升品牌知名度和市场份额。

## 6. 运营计划

**组织结构和团队:** 制造业示例公司拥有一支专业团队，包括生产、质量控制、采购和销售等部门。我们注重团队合作和员工培训，确保公司运营高效。

**生产和供应链管理:** 我们将优化生产流程，提高生产效率和产品质量。同时，建立稳定可靠的供应链体系，确保原材料供应和生产计划的顺利进行。

**质量控制措施:** 我们将建立严格的质量控制体系，从原材料采购到产品交付的每个环节都进行严格把控，确保产品符合客户要求和标准。

**设备和技术需求:** 我们将不断更新设备和技术，引进先进的生产设备和制造技术，以提高生产效率和产品质量。

**供应商关系管理:** 我们将与供应商建立长期合作关系，共同发展，确保原材料供应的稳定性和质量可控性。

## 7. 财务计划

**利润和损失预测:** 根据市场需求和成本估算，制造业示例公司预计在未来三年实现稳定增长，实现盈利并持续投入研发和市场推广。

**现金流量预测:** 我们将根据销售收入、成本支出和资金流动情况进行现金流量预测，确保公司资金充裕和运营稳健。

**资本需求和融资计划:** 制造业示例公司将根据发展需求和资金规划，制定合理的资本需求和融资计划，以支持公司的持续发展和扩张。

**财务指标和关键业绩指标:** 我们将设定财务指标和关键业绩指标，监控公司的财务状况和运营绩效，及时调整经营策略和措施。

**预算和财务报表:** 制造业示例公司将定期编制预算和财务报表，进行财务分析和评估，为公司的决策提供依据和参考。

## 8. 风险分析

**SWOT分析:** 制造业示例公司的优势在于灵活的生产能力和高度定制化的产品，劣势在于市场竞争激烈和原材料价格波动。机会在于市场需求增长和技术创新，威胁在于竞争对手和市场变化。

**风险识别和管理计划:** 我们将定期评估和管理公司面临的各类风险，制定相应的风险管理计划，降低风险对公司的影响。

**法律和合规风险:** 我们将遵守相关法律法规，确保公司的经营活动合法合规，避免法律风险和纠纷。

**市场风险和竞争风险:** 我们将密切关注市场变化和竞争动态，灵活调整市场策略和产品定位，保持竞争优势和市场份额。

## 9. 结论

**总结关键要点:** 制造业示例公司致力于成为制造业领域的领先者，通过高质量、定制化的产品和服务，为客户创造更大的价值。

**下一步行动计划:** 我们将执行营销和销售策略，优化生产和供应链管理，持续创新和提升产品质量，实现公司的长期发展目标。

**长期发展目标:** 制造业示例公司的长期发展目标是成为客户信赖的制造合作伙伴，持续创新和提升竞争力，实现公司的可持续发展和增长。

以上是制造业示例公司的商业计划书，我们期待与您合作，共同实现商业目标和成功发展。",,,,
教育,"### 智慧学堂教育科技有限公司商业计划书

---

#### 1. 执行摘要

**使命宣言**  
智慧学堂教育科技有限公司的使命是激发每个学生的学习潜能，助力他们实现未来的梦想。我们致力于通过创新的教育科技解决方案，提升教育质量，为每位学生提供量身定制的学习体验，帮助他们在全球化竞争中脱颖而出。

**公司概览**  
智慧学堂教育科技有限公司（以下简称“智慧学堂”）成立于2020年，位于北京市中关村，专注于为3至18岁学生提供个性化在线学习课程。我们利用人工智能技术，提供个性化的学习路径和实时反馈，帮助学生提高学习效率，灵活安排学习时间。公司计划在未来三年内拓展到100所学校，并培训超过10,000名学生，成为国内领先的教育科技公司。

**资金需求**  
智慧学堂目前寻求5000000元人民币的资金支持。这笔资金将主要用于技术平台的优化与市场拓展。资金的具体用途包括：
- 技术平台建设与维护：2000000元
- 市场推广：500000元
- 拓展团队与教学资源：1000000元
- 其他运营支出：1500000元

**目标**  
1. 成为国内领先的教育科技公司。
2. 服务覆盖100所学校。
3. 每年培训10,000名学生，帮助他们通过个性化的教育解决方案提升学习成绩。
4. 通过AI技术为学生提供定制化学习体验，确保每个学生都能在最适合自己的节奏下学习。

---

#### 2. 业务描述

**公司背景**  
智慧学堂成立于2020年，创始团队由一群拥有教育和科技背景的专业人士组成，致力于通过科技提升教育质量。公司自成立以来，专注于AI技术在教育领域的应用，开发了基于人工智能的个性化学习平台，并成功为全国范围内的学生提供服务。

**公司结构**  
智慧学堂采用有限责任公司（LLC）的法律结构，公司总部设立在北京市中关村，利用北京在科技、教育以及人才上的优势进行快速发展。公司的核心团队拥有丰富的教育科技经验，确保公司在技术创新和市场拓展上具备强大的竞争力。

**运营模式**  
公司通过提供基于AI的在线课程，结合个性化的学习路径和实时反馈，帮助学生提高学习效率。平台采用年订阅模式，每年收取1000元的订阅费用，并提供一系列在线课程和学习辅导服务。公司还与多所学校建立合作关系，拓展服务的覆盖面。

---

#### 3. 市场分析

**行业概况**  
随着互联网技术的发展，教育科技行业迎来了爆发式增长。个性化教育逐渐成为主流趋势，尤其是在K-12阶段，家长和学生对提高学习效率、灵活安排学习时间的需求不断增加。AI技术的普及使得教育个性化变得更加可行和高效，这为智慧学堂提供了巨大的市场机会。

- **教育改革支持**：政府对教育科技的政策支持不断加大，尤其是在提升教育质量和推动科技教育普及方面的投入，推动了教育科技行业的持续增长。
- **人工智能普及**：AI技术在教育领域的应用日益广泛，从个性化学习到智能辅导，教育科技的创新正不断改变传统教育的面貌。

**目标市场**  
智慧学堂的主要目标市场是3至18岁的学生及其家长，尤其是那些关注个性化教育需求的家庭。根据《中国教育科技市场研究报告》，2024年我国K-12教育市场规模将达到万亿级别，且年均增长率约为10%。随着教育科技的普及，个性化教育市场的潜力巨大。

**市场需求**  
- **学生群体**：尤其是那些需要个性化学习支持、提升学习效率的学生。尤其是对需要克服学习困难、提升成绩的家庭。
- **家长群体**：重视教育质量，愿意为子女的个性化学习体验投资的家长。
  
**市场增长潜力**  
随着人工智能和在线教育技术的不断进步，个性化教育的需求日益增加。预计到2026年，个性化教育市场将达到500亿元人民币，且年均增长率将保持在10%以上。

**竞争分析**  
- **未来教育科技**：
  - **优势**：拥有丰富的教学资源，技术支持强大，能够提供多种教育产品。
  - **劣势**：知名度较低，市场覆盖面有限。
- **教育先行者**：
  - **优势**：品牌影响力强，教育经验丰富。
  - **劣势**：缺乏个性化教学内容，技术更新较慢。

---

#### 4. 产品和服务

**核心产品：智慧学堂在线课程**  
智慧学堂的核心产品是基于人工智能的个性化在线学习平台，专为3至18岁学生设计。通过人工智能分析学生的学习进度和特点，平台为每个学生量身定制学习计划，提供个性化的学习路径和实时反馈。每年订阅费用为1000元，用户可以随时随地进行学习。

- **产品特点**：
  - **个性化学习路径**：根据学生的学习特点和需求，制定个性化的学习计划，帮助学生在最适合自己的节奏下进行学习。
  - **实时学习反馈**：通过AI技术，平台能够即时提供学习反馈，帮助学生及时纠正学习中的问题。
  - **灵活的学习时间**：学生可以在任何时间、任何地点进行学习，灵活安排学习进度。

**独特价值主张**  
智慧学堂的独特价值主张在于通过科技赋能教育，提供完全个性化的学习体验。与传统的教育模式不同，智慧学堂能够根据每个学生的特点，提供定制化的学习路径，帮助学生高效掌握知识、提高学习效率，最终实现学业成功。

**知识产权**  
智慧学堂已申请多项与教育科技相关的专利，包括个性化学习算法、智能辅导系统等技术，这些专利保障了公司的技术领先优势，并为未来的技术发展奠定了基础。

---

#### 5. 营销和销售策略

**市场定位**  
智慧学堂的市场定位是高品质个性化教育服务提供商，专注于帮助学生根据个人需求提升学习效果，尤其是在课外辅导和个性化学习方面的需求。

**定价策略**  
智慧学堂采取年订阅模式，每年1000元的订阅费用，使得服务定价具有竞争力并且容易接受。通过精准的个性化教学和高效的学习方式，提升用户的学习体验，从而实现长期的客户价值。

**推广渠道**  
- **社交媒体广告**：通过精准的社交媒体广告吸引目标用户，提升品牌的知名度。
- **教育展会**：参加全国性的教育科技展会，与教育行业的关键人物和决策者建立联系。
- **口碑营销**：利用用户的推荐和评价，建立品牌口碑，吸引更多的学生和家长。

**销售流程**  
智慧学堂提供简便的线上订购流程，家长和学生可以通过公司官网或合作平台轻松订阅课程。为了增强用户体验，平台还提供在线咨询和免费试用服务，降低用户的购买门槛。

---

#### 6. 运营计划

**公司结构与团队**  
智慧学堂采用平铺式管理结构，注重团队协作和沟通，确保公司业务的高效运营。团队包括教育专家、技术工程师、课程设计师以及营销和销售人员。每个部门都在各自的专业领域发挥优势，共同推动公司的发展。

**关键角色**  
- **首席执行官（CEO）**：负责制定公司战略、协调各部门工作，确保公司的长期目标得以实现。
- **教学总监**：负责课程内容的设计、教学质量的监督，确保教育服务的质量和持续创新。

**运营设施**  
公司总部设立在北京市中关村，拥有现代化的办公设施和高效的教学设备。教学资源和技术平台的持续优化和维护，是确保公司运营顺利和教学质量高效的核心。

---

#### 7. 财务计划

**启动成本**  
- **技术平台建设**：2000000元
- **市场推广费用**：500000元

**经常性成本**  
- **员工工资**：300000元/月
- **技术维护费用**：50000元/月

**资金需求与用途**  
总资金需求：5000000元  
- **资金用途**：
  - 技术平台更新与维护：1000000元
  - 市场推广：500000元
  - 拓展团队与教育资源：2000000元

**财务预测**  
- **收入预测**：
  - 第一年：2000000",,,,
媒体与娱乐,"# 商业计划书：媒体与娱乐示例公司

## 1. 执行摘要

### 使命宣言
在媒体与娱乐领域创造价值。

### 公司概况
- 公司名称：媒体与娱乐示例公司
- 行业：媒体与娱乐
- 经营模式：内容创作、媒体制作、发行和销售等
- 目标市场：年轻观众、电影爱好者、视频内容创作者等
- 公司的愿景：通过创新和优质内容，成为行业领先的媒体与娱乐公司
- 主要产品和服务：影片制作、电视节目制作、数字内容发布、版权销售等

### 财务概况
- 预期收入：预计第一年收入为X元，逐年增长X%
- 初始融资需求：预计融资X元，用于内容制作、营销推广及技术研发

### 战略目标
- 短期目标：完成至少X部高质量作品的制作与发行，扩大品牌影响力
- 中期目标：实现盈利，拓展国际市场，增加线上平台的订阅和观看量
- 长期目标：成为全球领先的数字内容创作者之一，进入多个媒体渠道

## 2. 业务描述

### 公司背景
- 成立时间：2025年
- 创始人/管理团队：具备丰富经验和专业能力的团队
- 法律结构：有限责任公司（LLC）

### 业务模式
- 主要业务：内容创作、电影和电视剧制作、网络视频平台运营
- 收入来源：内容授权、广告收入、品牌合作、订阅费、版权销售
- 运营地区：国内市场，未来考虑国际扩张

### 市场机会
- 行业内现有问题和机会分析
- 利用技术进步提升公司竞争力

### 核心竞争力
- 专业团队、创新内容制作能力、强大的技术支持、行业资源整合能力
- 与主要广播公司、OTT平台、内容制作公司等的合作关系

## 3. 市场分析

### 行业概况
- 全球和区域媒体与娱乐行业的现状、趋势及增长潜力
- 主要市场变化：流媒体服务的崛起、移动设备对媒体消费的影响

### 目标市场分析
- 市场细分：年轻人、电影/剧集爱好者、在线内容消费者
- 市场需求：目标群体对内容形式的偏好分析

### 竞争分析
- 主要竞争对手：列出几家主要竞争公司，并分析其优势与劣势
- 竞争优势：内容创作质量、独特的发行渠道等

### 市场趋势
- AI在内容创作中的应用、虚拟现实技术的进步
- 调整业务战略以获得市场份额

（接下页）

---

以上是商业计划书的前半部分，包括执行摘要、业务描述和市场分析。接下来将继续撰写产品和服务、营销和销售策略、运营计划、财务计划、风险分析和结论等部分。请继续阅读下一页。",,,,
医疗健康,"## 卓越医疗科技有限公司商业计划书

---

### 1. 执行摘要

#### 1.1 公司简介

卓越医疗科技有限公司（以下简称“公司”）成立于2023年5月15日，总部位于上海市浦东新区，致力于为全球用户提供精准且个性化的健康管理解决方案。作为一家初创公司，我们专注于结合创新技术和数据分析，帮助个人和企业提高健康水平，降低医疗成本。我们的核心使命是通过智能化的健康管理平台，推动全球健康管理领域的数字化转型，并在未来五年内实现盈利，成为行业的领导者。

#### 1.2 业务概述

卓越医疗科技有限公司的主营业务是开发和提供先进的健康管理软件，结合人工智能（AI）和大数据分析技术，为个人和企业提供定制化的健康管理方案。我们推出的核心产品包括：
- **卓越健康管理APP**：一款为个人用户提供个性化健康管理的移动应用，涵盖饮食、运动、睡眠、心理健康等多方面的健康建议。
- **企业健康管理系统**：为企业客户提供员工健康数据管理、健康评估与风险监控，帮助企业优化员工健康，降低整体医疗成本。

我们的目标是通过科技创新实现个性化健康管理，并在三年内覆盖100万用户，帮助五家大型医疗机构建立合作关系，推动健康管理行业的发展。

#### 1.3 资金需求

为推动公司的技术研发、市场拓展和日常运营，我们需要筹集5,000,000元人民币的资金。资金将用于以下几个方面：
- **研发投入**：2,000,000元，主要用于进一步开发卓越健康管理APP和企业健康管理系统，提升技术能力和用户体验。
- **市场拓展**：1,500,000元，用于品牌推广、市场营销及客户获取，扩大市场份额。
- **日常运营**：1,500,000元，用于公司运营开支，包括员工薪资、办公设施和基本运作支持。

#### 1.4 财务预测

公司的财务目标是在未来三年内实现稳步增长。以下是公司的收入、支出和利润预测：
- **收入预测**：
  - 第1年：1,000,000元
  - 第2年：5,000,000元
  - 第3年：10,000,000元
- **支出预测**：
  - 第1年：4,000,000元
  - 第2年：6,000,000元
  - 第3年：8,000,000元
- **利润预测**：
  - 第1年：-3,000,000元
  - 第2年：-1,000,000元
  - 第3年：2,000,000元

---

### 2. 业务描述

#### 2.1 公司历史

卓越医疗科技有限公司由医疗和科技领域的多位专业人士共同创立。公司自成立以来，致力于利用人工智能和大数据分析技术，通过数字化健康管理平台提供个性化健康解决方案。我们认为，在全球健康管理行业中，创新技术的应用将是未来发展的关键，而我们正处于这一波创新浪潮的前沿。

#### 2.2 法律结构与组织架构

卓越医疗科技有限公司为有限责任公司（LLC），以确保公司的灵活性和运营效率。公司内部组织架构清晰，包括产品研发部、市场部、客户支持部和行政部。各部门协同工作，以确保公司的持续创新和高效运营。

#### 2.3 业务核心

公司的核心业务是通过技术创新为客户提供健康管理服务。我们将智能化工具与个性化健康建议相结合，帮助用户从多方面提高生活质量，包括：
- 精准的健康评估
- 实时健康监控
- 个性化的饮食、运动、睡眠、心理健康建议

通过这一系列服务，我们旨在为客户提供一站式健康管理解决方案，从而有效预防疾病，减少医疗开支。

---

### 3. 市场分析

#### 3.1 行业概况

健康管理行业正在经历一场深刻的变革。随着信息技术的飞速发展，数字医疗、人工智能、物联网等新兴技术正在不断渗透到医疗健康领域。根据行业研究，全球健康管理市场预计将在未来五年内以年均15%的速度增长，尤其是在中国市场，预计到2025年健康管理市场的规模将达到2000亿元人民币。

#### 3.2 目标市场

卓越医疗科技的目标市场主要包括以下几个方面：
- **个人用户**：特别是年龄在25至55岁之间的中高收入群体，他们注重健康管理，并愿意为个人健康投入资金。
- **企业客户**：我们为企业提供员工健康管理解决方案，帮助企业改善员工整体健康水平并降低医疗费用。
- **医疗机构**：通过与医院和诊所的合作，为他们提供数字化健康管理工具，提升服务质量和管理效率。

随着健康意识的普及和城市化进程的加速，目标市场的需求正在不断增长。预计到2025年，中国的健康管理市场规模将达到2000亿元人民币，发展潜力巨大。

#### 3.3 竞争分析

当前，健康管理行业已经存在一些竞争者，其中包括阿里健康和好医生在线等大型平台。以下是竞争分析：

- **阿里健康**：
  - 优势：拥有庞大的用户基础和强大的数据处理能力。
  - 劣势：缺乏个性化服务，健康管理功能相对基础，难以提供定制化解决方案。

- **好医生在线**：
  - 优势：广泛的医疗资源网络，提供专业的医疗咨询服务。
  - 劣势：专注于医疗咨询，忽视健康管理软件的研发，缺乏强有力的产品粘性。

卓越医疗科技有限公司的核心竞争优势在于提供高度个性化的健康管理方案，采用人工智能和大数据技术，确保健康预测和管理的科学性和精准性。

---

### 4. 产品和服务

#### 4.1 产品概述

公司目前推出的两大核心产品是：
- **卓越健康管理APP**：这款移动应用结合人工智能和数据分析技术，针对用户的饮食、运动、睡眠、心理健康等方面提供个性化的健康管理建议。用户可以通过APP记录自己的健康数据，并通过实时监控获得持续的健康反馈。产品定价为每年488元人民币。
- **企业健康管理系统**：该系统为企业客户提供定制化的员工健康管理解决方案。通过收集和分析员工的健康数据，帮助企业及时了解员工健康状况，优化员工健康策略，从而降低医疗费用，提高员工生产力。产品定价为每年19800元人民币，按员工人数计费。

#### 4.2 独特价值主张

卓越医疗科技有限公司的独特价值主张在于其创新的产品和服务，结合了先进的人工智能、大数据分析和个性化健康管理。我们的产品不仅帮助个人优化健康管理，还为企业提供更具成本效益的健康解决方案。通过这些创新，用户能够实时获得科学、精准的健康建议，提升生活质量，防止疾病的发生。

#### 4.3 知识产权

公司在健康数据分析技术方面拥有多项专利，目前正在申请相关的技术专利和软件著作权。我们还将加强商标保护，确保公司品牌的独特性和竞争力。

---

### 5. 营销和销售策略

#### 5.1 市场定位

我们致力于成为中高端人群及企业客户的健康管理首选服务商，提供个性化的健康解决方案。通过精准的市场定位，我们希望能够为客户提供更高效、更便捷的健康管理体验。

#### 5.2 定价策略

个人版健康管理APP按年收费，定价为每年488元人民币。企业版健康管理系统按员工人数计费，定价为每年19800元人民币。通过不同的定价策略，我们能够满足不同市场的需求，并根据客户需求进行灵活定价。

#### 5.3 推广渠道

我们的主要推广渠道包括：
- 线上广告：利用社交媒体平台、搜索引擎广告等进行精准营销。
- 医疗机构合作：与医院、诊所建立合作，推广我们的健康管理工具。
- 企业客户推荐推广：通过现有客户网络进行推广，吸引更多企业客户。

#### 5.4 销售流程

我们的销售流程包括：
1. 提供免费试用：让潜在客户体验我们的产品，并了解其功能和优势。
2. 用户转化：通过优质的用户体验，将潜在客户转化为付费用户。
3. 企业销售团队负责B2B销售：通过企业客户的推荐和合作，扩大市场份额。

---

### 6. 运营计划

#### 6.1 业务结构

公司内部的组织结构包括四个主要部门：产品研发部、市场部、客户支持部和行政部。通过这一简洁高效的组织架构",,,,
金融服务,"# 金融服务示例公司商业计划书

## 1. 执行摘要

**公司名称**: 金融服务示例公司  
**行业**: 金融服务  
**使命宣言**: 在金融服务领域创造价值。  
**愿景**:  
金融服务示例公司致力于通过创新和个性化的金融解决方案，为全球客户提供卓越的财务管理服务。我们的目标是成为金融服务行业的领航者，推动金融技术与人性化服务的深度融合，帮助客户实现财务自由与成长。

### 公司概况
金融服务示例公司自成立以来，专注于利用先进的金融科技和大数据分析，提供定制化的金融解决方案，帮助个人和企业客户管理财富、优化投资并降低风险。我们结合了先进的人工智能技术和深厚的行业专业知识，打造了一款智能化的投资平台，并为客户提供个性化的财务规划、投资建议以及融资解决方案。

我们的愿景是通过创新技术和人性化服务，帮助客户实现财务目标，成为全球金融服务行业的领导者。

## 2. 业务描述

### 公司背景
金融服务示例公司成立于2015年，由一群拥有丰富经验的金融行业专家和技术创新者联合创办。公司从成立之初便以提供更高效、更智能的金融服务为目标，通过技术手段提升客户的财务管理能力。

随着技术的不断发展，我们的服务不断迭代更新。目前，我们已在智能投资平台、财富管理、企业融资和保险规划等多个领域取得了显著成果。金融服务示例公司不仅在本地市场扎根，也在全球多个重要市场建立了业务网络。

### 产品与服务
金融服务示例公司提供多样化的金融服务，涵盖个人理财、投资咨询、企业融资、保险规划及资产管理等领域。我们通过智能化平台和数据分析，为客户提供精准的投资方案和定制化的财富管理服务。

#### 核心产品
1. **智能投资平台**: 基于大数据分析，为客户提供个性化的投资组合推荐和市场趋势预测，帮助用户优化投资决策。
2. **定制化财富管理**: 专为高净值个人与企业客户设计的财富管理方案，覆盖投资、税务、保险和资产配置等领域。
3. **企业融资方案**: 为中小企业提供灵活的融资解决方案，包括债务融资、股权融资及其他资本结构优化服务。

### 目标市场
我们的目标市场涵盖多个客户群体，具有不同的金融需求：
1. **高净值个人**: 这些客户通常有较为复杂的资产配置需求，需要量身定制的财富管理和税务规划服务。
2. **中小型企业**: 为成长中的企业提供融资支持，帮助它们优化资本结构、增加市场份额并获得更多资本。
3. **年轻投资者（千禧一代与Z世代）**: 为这一群体提供智能化、低门槛的投资平台，帮助他们轻松进入投资市场并实现财富增值。
4. **企业和金融机构**: 提供企业融资与财务顾问服务，帮助大型企业进行资本结构优化与风险管理。

### 市场定位与竞争优势
1. **技术驱动**: 我们的最大竞争优势是结合了先进的金融科技，尤其是人工智能和大数据分析技术。通过这些技术，我们能够提供个性化的财务规划和投资建议，帮助客户做出更明智的决策。
2. **客户至上**: 我们提供全方位的客户支持，包括7x24小时的客服团队以及专属顾问服务，确保每一位客户的需求得到及时响应。
3. **定制化服务**: 我们专注于为客户量身定制方案，无论是高净值个人、企业客户还是年轻的投资者，都能根据不同需求得到精准的金融服务。

## 3. 市场分析

### 行业概况
金融服务行业正在经历一场深刻的变革，尤其是金融科技（FinTech）带来的技术创新。随着人工智能、大数据、区块链等技术的迅猛发展，传统金融服务的业务模式、产品形式和服务方式都发生了巨大变化。

金融科技的发展使得消费者对金融服务的期望值大大提升，他们不再满足于传统银行和机构提供的标准化产品，而是期望能够获得更具个性化、透明化的服务。与此同时，全球金融市场也在不断地整合和创新，跨国金融科技公司的崛起正在改变行业格局。

### 目标市场
金融服务示例公司致力于拓展多个市场领域，主要目标市场包括：
1. **高净值个人**: 这一市场对个性化财富管理和投资规划的需求强烈，且市场规模庞大，尤其在亚洲、欧美地区。
2. **中小型企业**: 中小型企业对融资支持的需求日益增加，尤其是处于成长期和扩张阶段的企业。
3. **年轻投资者**: 随着年轻一代对投资理财的认知逐渐加深，智能化投资平台的需求日益增加。

### 竞争分析
金融服务行业的竞争日益激烈，主要竞争者包括传统金融机构、新兴的金融科技公司及大型互联网公司。尽管传统银行和金融机构占据了市场的主导地位，但随着技术的发展，越来越多的金融科技公司通过灵活的服务和创新的产品占据了市场份额。

在这一竞争环境中，金融服务示例公司凭借以下优势脱颖而出：
- 深厚的技术创新能力
- 个性化定制化服务
- 快速响应客户需求
- 灵活的产品和服务组合

## 4. 产品和服务

### 产品特点
金融服务示例公司提供的核心产品包括：
1. **智能投资平台**: 基于大数据分析和机器学习，平台能够为客户提供量身定制的投资方案，并根据市场变化及时调整投资组合。
2. **定制化财富管理服务**: 为高净值个人和企业客户提供全面的财务规划服务，包括资产配置、税务筹划、退休规划等。
3. **企业融资服务**: 提供灵活的融资方案，帮助中小企业获得所需的资金支持。

### 定价策略
我们的定价策略遵循市场化定价原则，并根据不同产品和服务的复杂度和客户需求进行定制。智能投资平台的基本使用服务将采取按月/年订阅收费的方式，而定制化财富管理和融资服务则根据客户的具体需求和项目规模收取服务费用。

### 研发规划
为了保持市场竞争力，我们将持续投入资金用于产品研发，特别是在人工智能、大数据和区块链等技术领域。我们的研发团队将致力于不断优化现有平台功能，提升客户体验，并探索新的创新产品。

## 5. 营销和销售策略

### 市场推广
我们计划通过多渠道的市场推广活动来提升品牌知名度和市场占有率：
- **数字营销**: 包括社交媒体推广、搜索引擎优化（SEO）、内容营销等方式。
- **合作伙伴营销**: 与金融机构、技术公司及企业合作，扩大我们的客户基础。
- **品牌传播**: 在行业内举办或参与重要的金融科技论坛和会议，提升品牌影响力。

### 销售渠道
金融服务示例公司将通过线上平台与线下代理的双渠道销售策略来拓展客户群。线上平台将提供自助注册和服务选项，而线下代理将负责为高净值个人和企业客户提供一对一的咨询服务。

### 客户关系管理
我们将重点打造客户关系管理（CRM）系统，通过数据分析和用户行为分析，优化服务流程，提升客户满意度，并增加客户忠诚度。

## 6. 运营计划

### 组织架构
金融服务示例公司目前的组织架构包括以下主要部门：
- **技术研发部**: 负责平台开发、技术创新和产品优化。
- **销售与市场部**: 负责市场推广、客户获取和销售策略。
- **客户服务部**: 负责客户支持、问题解决和客户关系维护。
- **财务与运营部**: 负责公司财务管理、资本运作和日常运营管理。

### 运营流程
公司的运营流程围绕客户需求进行优化，包括产品研发、市场推广、客户支持、数据分析等环节。每个环节都有专门的团队负责，确保高效运转。

### 供应链管理
在供应链方面，我们主要依赖于技术合作伙伴和数据提供商，通过与领先的技术公司和金融机构建立战略合作关系，确保我们的平台数据准确、可靠，服务及时。

## 7. 财务计划

### 财务预测
根据当前市场趋势和公司的业务扩展计划，我们预计：
- **2025年收入目标**: 5000万美元
- **毛利率**: 65%
- **净利润率**: 15%

### 资金需求
为了支持业务扩展和技术研发，我们计划融资5000万美元，资金将主要用于",,,,
软件开发,"# 创新软件科技有限公司商业计划书

## 1. 执行摘要

### 公司概述

创新软件科技有限公司（以下简称“创新软件”）是一家致力于为中小型企业提供智能化企业管理软件解决方案的高科技公司。公司成立于2010年，位于北京市中关村软件园，凭借其强大的技术研发能力和优秀的客户服务，迅速在业内树立了良好的口碑。创新软件的核心产品是“智能企业管理系统”，该系统整合了财务、人力资源、采购等多个管理模块，帮助中小型企业提升管理效率、降低运营成本，推动数字化转型。

**使命宣言**：引领软件创新，改变未来。  
**公司目标**：  
- 成为行业领军者。  
- 提供卓越的客户体验。

### 业务描述

创新软件的核心业务是开发并提供定制化的软件解决方案，帮助中小型企业通过信息化提升管理水平、优化运营流程。公司以“智能企业管理系统”为核心产品，致力于为中小型企业提供集成化的财务、人力资源、采购等企业管理工具，全面提升企业管理效率，降低运营成本。

公司现阶段已取得多项技术创新和知识产权，拥有多项软件著作权和专利技术，产品质量和技术先进性得到市场的高度认可。随着数字化转型的深入，智能企业管理系统将帮助更多中小企业拥抱未来，提升市场竞争力。

### 所需资金

创新软件计划融资人民币500万元，用于产品研发、市场推广及运营扩展。具体资金用途如下：
- **研发新产品**：150万元
- **市场推广**：50万元  
- **团队扩展与运营支出**：300万元

## 2. 业务描述

### 公司历史

创新软件科技有限公司成立于2010年，最初由一群有着丰富软件开发经验的技术人员发起，专注于为中小型企业提供高效、智能的软件解决方案。公司自成立以来，便积极研发并推出多个版本的智能企业管理系统，逐步积累了大量忠实客户，并成为了行业内的知名品牌。

公司总部设在北京市中关村软件园，这一地理位置为公司提供了丰富的技术资源和优质的商业环境。十年的发展，创新软件已从初创公司成长为一家在业内具有竞争力的企业，凭借优秀的产品和服务，逐渐打开了市场并积累了深厚的客户基础。

### 法律结构

创新软件为有限责任公司（LLC），具有灵活的运营结构和透明的股东权益。公司目前的股东包括创始人团队和部分天使投资人，股东之间的关系清晰，管理层高效，致力于长期发展和市场创新。

### 公司定位

创新软件专注于为中小型企业提供定制化的软件解决方案，尤其是在企业管理领域。随着市场对信息化管理工具需求的不断增加，创新软件立足于满足客户需求，并且通过技术创新，不断优化产品功能和用户体验。公司的产品设计与市场需求紧密结合，旨在提供更高效、更智能的企业管理工具，帮助企业实现管理流程的数字化转型。

## 3. 市场分析

### 行业概况

随着信息技术的迅猛发展，软件开发行业已成为全球增长最快的行业之一。尤其是在中国，数字化转型成为企业的必由之路，企业对智能化、定制化管理软件的需求呈现爆发式增长。尤其是中小型企业群体，在技术创新和管理优化方面对智能软件的需求愈加迫切。

根据行业报告，中国中小型企业的数字化转型市场预计在未来五年将保持15%-20%的年增长率。这一趋势为创新软件提供了广阔的发展机会。公司通过持续创新和技术领先，能够在这一市场中获得更大的市场份额。

### 目标市场

创新软件的目标市场主要包括中小型企业，特别是在中国快速发展的科技、制造、零售、服务等行业。这些行业的企业通常面临管理效率低下、运营成本高企、信息化程度低等问题，而创新软件的智能企业管理系统正好可以帮助它们解决这些痛点。

从人口统计角度来看，目标客户主要是中小型企业的企业主和IT专业人士。这些客户通常关注性价比高、可定制化强且易于操作的管理软件。

市场规模方面，随着中小型企业在管理和运营上的需求不断扩大，智能企业管理软件市场预计将保持持续增长。特别是企业数字化转型的进程加速，软件市场的需求将不断增加。根据市场研究数据，中国的企业管理软件市场每年预计增长15%左右。

### 竞争分析

在智能企业管理软件领域，创新软件面临来自多家同行竞争者的压力。以下是两大主要竞争对手的分析：

1. **竞争对手1**：创新科技软件公司  
   - **优势**：该公司技术研发较为领先，客户口碑较好，拥有较强的品牌影响力。  
   - **劣势**：市场占有率较低，尚未能在中小企业市场中形成强有力的品牌效应。

2. **竞争对手2**：软件创业团队  
   - **优势**：创新能力强，灵活性高，能够快速响应市场需求。  
   - **劣势**：团队规模较小，市场推广力度不足，尚未能在大规模客户中建立稳固的市场份额。

创新软件的竞争优势在于其高度定制化的产品和卓越的客户服务，这使得公司能够在竞争激烈的市场中脱颖而出。

## 4. 产品和服务

### 核心产品

创新软件的核心产品是智能企业管理系统。该系统集成了财务管理、人力资源管理、采购管理等多个功能模块，能够帮助企业管理者通过数字化工具提升决策效率和日常运营效率。产品不仅支持常规功能，还具备高度的定制化能力，能够根据不同行业和企业需求进行量身定制。

**产品特点**：
- **智能化**：基于大数据和人工智能算法，提升管理决策的精准性。
- **可定制化**：根据企业具体需求，定制模块与功能，最大化契合企业需求。
- **集成化**：将财务、人力资源、采购等模块无缝集成，优化企业管理流程。

**产品优势**：
- 提高企业的工作效率，减少人工干预。
- 降低运营成本，通过智能化的管理提升企业竞争力。

**独特价值主张**：
创新软件以技术创新为核心，通过结合用户需求，为企业提供量身定制的智能管理解决方案。与传统软件相比，我们的产品更加灵活、高效，且能够快速响应市场变化。

### 知识产权

创新软件拥有多项软件著作权和专利技术，这些知识产权为公司产品提供了技术保障，并为公司在市场中占据了技术优势。公司将继续加大研发投入，保持技术领先，确保在竞争激烈的市场中始终保持优势。

## 5. 营销和销售策略

### 市场定位

创新软件的市场定位是为中小型企业提供定制化的管理软件解决方案。公司将通过创新技术、优质服务以及灵活的定价策略，吸引大量中小型企业客户。

### 定价策略

公司产品的定价策略是基于用户订阅的方式，确保价格具有竞争力同时为企业带来长期的收入流。产品将按模块和功能的不同进行定价，以满足不同规模和需求的企业。

### 推广渠道

创新软件的推广策略主要包括以下几个方面：
- **社交媒体广告**：通过精准的网络广告和社交媒体推广，提高品牌曝光率。
- **行业展会**：参展行业展会，增加品牌的市场认知度。
- **合作伙伴关系**：与行业领先的咨询公司、软件代理商建立合作关系，拓展市场份额。

### 销售流程

销售过程主要通过在线营销、直销和合作伙伴渠道进行。公司将通过提供免费试用期的方式吸引潜在客户，并通过售后跟进和客户服务将其转化为长期客户。

## 6. 运营计划

### 业务结构

公司内部运营主要分为以下几个部门：
- **研发部**：负责产品的设计和技术开发。
- **销售部**：负责市场推广、客户拓展和销售策略执行。
- **客户服务部**：负责售后服务、技术支持及客户关系维护。

### 设施与技术

公司配备现代化的办公环境，拥有一流的研发设施和服务器设备，能够为产品开发和客户服务提供保障。

### 关键角色与职责

- **首席技术官（CTO）**：负责领导技术团队，研发软件产品。
- **销售经理**：负责制定并执行市场推广和销售策略。

### 供应链管理

创新软件与多家技术和硬件供应商建立",,,,
交通运输,"### 商业计划书：快捷运输科技有限公司

---

#### 1. 执行摘要

##### 1.1 使命宣言

快捷运输科技有限公司的使命是通过科技创新，推动运输行业的现代化，使运输服务更加高效、便捷和智能。我们致力于为客户提供最迅速且可靠的运输解决方案，通过持续的技术更新和服务优化，确保客户获得最佳体验。

##### 1.2 业务描述

快捷运输科技有限公司成立于2018年，专注于为客户提供基于科技的快速运输解决方案。我们的核心产品是“快速达运输”服务，确保客户的货物在24小时内准时送达目的地，支持全程实时追踪。

公司成立至今，凭借创新技术和高效运营，已逐步占据本地市场的重要地位，现计划通过追加融资，加速公司发展，扩大市场份额，并提升服务质量。

##### 1.3 所需资金

为了实现公司发展的目标，我们需要筹集500万人民币。资金将主要用于技术升级、市场推广和运营优化。具体分配如下：
- 技术系统更新：300万人民币
- 市场拓展与推广：100万人民币
- 日常运营与管理：100万人民币

##### 1.4 目标

- 成为本地市场领先的运输科技公司，建立强大的客户基础。
- 提供无缝、智能化的运输解决方案，提升客户满意度。
- 实现稳步增长，并在未来3年内达到盈亏平衡，进入盈利状态。

---

#### 2. 业务描述

##### 2.1 公司历史

快捷运输科技有限公司由一群具有多年运输和科技行业经验的专业人士于2018年共同创立。我们集合了对科技和运输行业的深刻理解，致力于在快速发展的现代物流环境中，推动运输服务的创新和升级。公司自成立以来，依托技术创新，已经成功推出了市场领先的“快速达运输”服务。

##### 2.2 法律结构

快捷运输科技有限公司为有限责任公司（LLC）。这种结构使得公司能够在保护股东利益的同时，最大化公司的灵活性和运营效率。

##### 2.3 位置

公司总部位于市中心交通枢纽地带，交通便利，便于与各大合作伙伴和客户建立良好的联系。我们的运营中心拥有先进的运输设备和物流支持，确保公司业务高效顺畅地运作。

##### 2.4 成立日期

公司成立于2018年6月，至今已运作超过6年，积累了丰富的行业经验和稳定的客户资源。

---

#### 3. 市场分析

##### 3.1 行业概况

交通运输行业正在经历数字化转型，尤其是在城市和郊区之间的快速运输需求日益增加。随着消费者对服务质量和效率要求的提高，传统的运输方式正逐渐被基于科技的解决方案所替代。快捷运输科技有限公司的目标是通过技术创新，抢占市场先机，提供快速、可靠、智能的运输服务。

##### 3.2 目标市场

公司主要面向以下市场群体：
- **城市人群**：年龄在25-45岁之间，通常是商务人士、年轻家庭或个体商户，他们对运输效率和服务质量有较高的要求。
- **中小企业**：这些企业经常需要快速的物流配送，尤其是电商平台和零售商。
- **高频快递需求用户**：包括电子产品、餐饮、医疗等行业的企业和个人。

**市场规模**：  
本地市场人口约100万人，随着城镇化进程的推进和消费者对便捷服务需求的增加，预计市场将在未来5年内增长5%-10%。

**市场趋势**：  
- 市场对快速、智能运输方案的需求日益增大，特别是对24小时内完成配送的需求逐年上升。
- 数字化运输服务将成为行业主流，客户对智能化、实时监控和定制化服务的需求愈加迫切。

##### 3.3 竞争对手

- **快速运输科技有限公司**：  
  - **优势**：拥有强大的技术研发团队，提供高效、可靠的服务网络。  
  - **劣势**：价格较高，品牌知名度较弱。

- **智能物流有限公司**：  
  - **优势**：具备创新的智能运输技术，能够提供灵活的客户定制服务。  
  - **劣势**：服务速度较慢，覆盖范围有限。

在这些竞争者中，快捷运输科技有限公司通过其独特的技术优势和快速、高效的服务获得了市场上的竞争力。我们重点突出速度和可靠性，同时为客户提供实时追踪和定制化解决方案，确保了在市场中的独特地位。

---

#### 4. 产品和服务

##### 4.1 核心产品：快速达运输服务

“快速达运输”服务是我们的核心产品，专为需要快速配送的客户设计。服务包括：

- **24小时内准时送达**：无论客户位于何处，我们都承诺在24小时内完成配送，极大地提高了物流效率。
- **实时追踪系统**：客户可以通过我们的平台实时追踪货物位置，保障服务的透明度。
- **定制化服务**：根据客户需求提供个性化解决方案，满足不同客户的物流需求。

##### 4.2 独特价值主张

快捷运输科技有限公司的独特价值主张在于，我们不仅提供基本的运输服务，而是通过先进的科技手段优化运输流程，确保服务速度和可靠性的同时，提升客户体验。我们通过智能化管理、数据分析和技术优化，实现了运输过程中的全面监控和高效调度，满足市场中对快速、可靠运输的日益增长需求。

##### 4.3 知识产权

公司已经成功申请并获得了“快速达运输”服务的专利，确保了我们在技术上的领先优势。专利的取得增强了我们在行业中的竞争力，并为未来的业务拓展奠定了坚实的基础。

---

#### 5. 营销和销售策略

##### 5.1 市场定位

快捷运输科技有限公司将致力于为需要快速运输服务的客户提供高效、可靠的解决方案。我们将定位为一个创新的、科技驱动的运输服务品牌，通过提升服务质量和效率，快速占领市场份额。

##### 5.2 定价策略

我们将采用差异化定价策略，根据服务等级、运输距离和货物类型灵活定价，确保不同需求的客户都能找到合适的服务。同时，我们还将提供优惠政策，吸引首次合作的客户，并通过长期合作来确保客户忠诚度。

##### 5.3 推广渠道

- **社交媒体广告**：利用社交平台如微信、微博、抖音等进行品牌宣传和用户互动。
- **合作推广活动**：与本地商家、电商平台合作，进行联合促销活动。
- **行业展会参与**：参加物流行业的展会与论坛，提升品牌知名度。

##### 5.4 销售流程

客户可通过我们的在线平台或热线电话进行预约，并根据具体需求选择适合的服务。我们提供24/7全天候客户支持，确保客户在任何时间都能够得到及时的响应和帮助。

---

#### 6. 运营计划

##### 6.1 业务结构

公司采用扁平化组织结构，确保公司各部门之间的快速沟通和决策。通过简化层级，能够更快响应市场需求并作出相应调整。

##### 6.2 设施

公司位于市中心的运营中心配备最先进的运输设备，拥有现代化的物流和信息管理系统。运输中心的建设符合行业标准，能够满足未来业务扩展需求。

##### 6.3 关键角色

- **首席执行官（CEO）**：负责公司战略的制定和执行，确保公司发展方向与市场趋势保持一致。
- **运营经理**：负责日常运营管理，协调各部门的工作，确保公司业务的顺利进行。

##### 6.4 供应链

与多家本地运输公司和物流供应商建立合作关系，确保运输网络的覆盖广泛且高效。公司还会不断优化供应链管理，提升运输效率和服务质量。

---

#### 7. 财务计划

##### 7.1 启动成本

- **一次性成本**：  
  - 办公设备购置：200,000元  
  - 技术系统建设：300,000元

- **经常性成本**：  
  - 员工工资：100,000元/月  
  - 市场推广费用：50,000元/月

##### 7.2 资金需求

总资金需求：500万元。具体资金用途如下：
- 技术系统更新：300万元  
- 市场拓展与推广：100万元  
- 日常运营管理：100万元

##### 7.3 财务预测

- **年度1**  
  - 收入：800,000元  
",,,,
可再生能源,"# 商业计划书：阳光新能源科技有限公司

## 1. 执行摘要

### 1.1 使命宣言
阳光新能源科技有限公司的使命是通过创新技术推动可再生能源的普及，改善全球环境，创造可持续的未来。

### 1.2 业务概况
阳光新能源科技有限公司专注于开发和提供高效太阳能发电解决方案，帮助家庭、企业和公共设施实现清洁能源的应用。公司计划通过创新技术降低太阳能发电成本，并开发针对农村市场的低成本太阳能解决方案。

### 1.3 目标
- 成为中国市场领先的太阳能能源公司
- 在三年内实现年收入超过5000万人民币
- 通过创新技术降低太阳能发电成本
- 开发并推出针对农村市场的低成本太阳能解决方案

### 1.4 所需资金
公司计划筹集资金500万人民币，用于生产线扩展、市场推广和技术研发。

## 2. 业务描述

### 2.1 公司历史
阳光新能源科技有限公司成立于2021年，由可再生能源领域的专家和企业家共同创办。公司已成功研发出高效太阳能电池板，并在多个区域推广应用。

### 2.2 法律结构
公司形式：有限责任公司

### 2.3 公司位置
总部位于上海市浦东新区

### 2.4 成立日期
2021年5月

## 3. 市场分析

### 3.1 行业概况
可再生能源行业，特别是太阳能领域，正在经历快速增长。中国市场政策支持力度加大，市场需求逐步增加。

### 3.2 目标市场
- 人口统计：家庭用户、小型企业、农民合作社及地方政府
- 市场规模：中国及亚太地区，市场规模预计未来五年内将突破5000亿元人民币
- 增长潜力：太阳能市场的年均增长率预计达到15%

### 3.3 竞争对手分析
- 晶澳太阳能：品牌影响力、生产技术、销售网络
- 隆基绿能：资金支持、市场布局、技术创新

## 4. 产品和服务

### 4.1 产品概述
#### 高效太阳能电池板
- 转换效率提高20%，定价每千瓦时3500元人民币
- 优势：节能30%，质保20年

#### 便携式太阳能发电系统
- 适用于户外活动和紧急备用电源，定价1500元人民币
- 优势：适合露营和应急使用

### 4.2 独特价值主张
提供更高的转换效率和更低的总拥有成本，为客户提供更高的投资回报和使用价值。

### 4.3 知识产权
拥有多项自主研发的太阳能电池技术专利，并申请了相关商标保护。

## 5. 营销和销售策略

### 5.1 市场定位
定位为中高端太阳能解决方案提供商，专注于产品质量、技术创新及长期客户关系。

### 5.2 定价策略
采用成本加成定价法，确保产品竞争力的同时保证合理的利润空间。

### 5.3 推广渠道
线上广告、行业展会、合作伙伴

### 5.4 销售流程
通过在线商城和渠道合作伙伴直接向客户销售，设立实体展示和销售中心，提供定制化服务。

## 6. 运营计划

### 6.1 业务结构
研发部、销售部、市场部、客服部和财务部，每个部门由经验丰富的专业人才领导。

### 6.2 设施
总部位于上海，技术研发中心和生产基地，全国销售和服务网点。

### 6.3 关键角色
- 首席执行官：制定公司战略、领导核心团队
- 首席技术官：技术研发、产品质量监督

### 6.4 供应链管理
与多家光伏原材料供应商建立长期合作关系，确保产品质量与及时供应。

## 7. 财务计划

### 7.1 启动成本
- 生产设备采购：200万元
- 技术研发投入：100万元

### 7.2 经常性成本
- 员工薪资（月度）：50万元
- 市场推广费用（月度）：20万元

### 7.3 资金需求
总资金需求：500万元
- 扩大生产线：300万元
- 市场推广：150万元
- 研发新产品：50万元

### 7.4 财务预测
- 收入：第一年500万元，第二年1000万元，第三年1500万元
- 支出：第一年400万元，第二年700万元，第三年900万元
- 利润：第一年100万元，第二年300万元，第三年600万元

## 8. 风险分析

### 8.1 风险概述
- 市场竞争加剧：持续产品创新和品牌建设
- 原材料价格波动：建立多元化供应链，与供应商签订长期合同

## 9. 结论
阳光新能源科技有限公司通过技术创新和市场导向的战略布局，具有较强的行业竞争力和盈利潜力。我们的产品不仅具有经济优势，还符合国家能源转型和环保要求，能够有效推动可再生能源的普及。

以上是对阳光新能源科技有限公司的详绅商业计划书。",,,,
零售,"# 零售示例公司商业计划书

---

## 1. 执行摘要

### 1.1 公司概况
零售示例公司是一家致力于提供高质量商品与卓越客户服务的零售企业。通过结合线上和线下零售渠道，我们目标成为本地市场与电子商务领域的领导者。公司成立于2019年，经过初期的市场验证后，迅速扩展至多个主要城市，并不断提升品牌影响力。我们的使命是通过创新、效率和高效的运营模式，在零售行业内创造可持续的价值，并为消费者提供无缝且愉悦的购物体验。

### 1.2 业务机会
当前，零售行业正经历着深刻的变革，尤其是在电子商务和线上线下融合趋势的推动下。消费者对便捷性和个性化购物体验的需求日益增长，同时，他们也更加注重产品质量与品牌价值。零售示例公司通过精准的市场定位和创新的销售模式，能够有效地把握这一市场机会，快速扩展市场份额并提升品牌影响力。

### 1.3 目标
- **短期目标**：在接下来的12个月内，我们计划扩展至五个新市场，包括一线和二线城市的主要商业区。
- **长期目标**：成为国内市场的领先零售商，并进一步拓展国际市场。预计在未来五年内，实现年均增长率20%以上，并在全球范围内设立实体门店。

### 1.4 财务概况
零售示例公司计划在下一轮融资中筹集5000万美元，用于扩大市场规模、技术平台建设以及品牌推广。预计公司在未来三年内实现年收入从5000万美元增长至1亿美元，并在此过程中保持较高的净利润率。公司将通过高效的运营和精细的财务管理，确保实现良好的投资回报。

### 1.5 关键成功因素
- **高质量产品与卓越服务**：我们始终确保产品的质量满足消费者的高要求，并通过个性化服务提升客户满意度。
- **强大的品牌影响力**：通过创新营销策略和市场推广活动，零售示例公司迅速树立了行业领先的品牌形象。
- **高效的运营管理**：公司在供应链、库存管理、客户关系管理等方面不断优化，以保证运营效率和成本控制。
- **线上线下融合**：通过结合电子商务平台与实体门店的销售模式，提供多样化的购物体验，增加顾客的忠诚度。

---

## 2. 业务描述

### 2.1 公司背景
零售示例公司成立于2019年，由一群拥有深厚零售行业经验的创业者共同创办。创始团队具备丰富的市场洞察力和运营经验，团队成员在全球知名零售企业和电商平台积累了超过20年的工作经验。公司采用混合型零售模式，结合线上电商与线下实体店，为消费者提供便捷的购物选择和个性化的服务。

### 2.2 核心业务
零售示例公司经营多个零售产品类别，包括时尚产品、家居用品和电子产品等。我们的产品覆盖日常生活所需的各类商品，注重商品的质量和多样性。核心产品包括：
- **时尚产品**：包括男女时尚服饰、鞋类、配饰等，满足消费者对时尚、舒适与潮流的需求。
- **家居用品**：从家具到装饰品，我们提供多样化的家居商品，帮助消费者打造个性化的生活空间。
- **电子产品**：精选科技产品，涵盖智能手机、家电和其他高科技设备，满足现代消费者对创新科技的需求。

### 2.3 目标市场
零售示例公司的目标市场包括：
- **年龄群体**：主要聚焦于18-45岁之间的年轻消费者，尤其是都市白领、中产阶级群体。
- **地理位置**：公司初期专注于国内一线、二线城市，未来将逐步扩展至其他城市及国际市场。
- **消费特征**：目标消费者追求时尚、便利、高质量的产品，并倾向于线上购物与线下购物体验的融合。

### 2.4 公司愿景
零售示例公司致力于成为国内零售行业的领导品牌，未来几年内将向国际市场扩展。通过持续的品牌建设、技术创新以及市场拓展，公司旨在成为最受欢迎、最值得信赖的零售商。

### 2.5 法律结构
零售示例公司为有限责任公司（LLC），由创始团队和少数投资者共同持股。公司目前在国内市场运营，并有意在未来进行国际化扩展。

### 2.6 竞争优势
- **高效的供应链管理**：我们与优质供应商建立了长期合作关系，确保产品质量的稳定和价格的竞争力。
- **创新的销售渠道**：结合线上电商平台和线下门店，提供多元化购物选择。
- **强大的品牌建设**：通过精准的市场定位和持续的广告宣传，零售示例公司在目标市场中树立了强大的品牌影响力。
- **数据驱动的决策**：我们利用大数据和人工智能技术优化库存管理、市场营销和客户服务，以提升运营效率和客户满意度。

---

## 3. 市场分析

### 3.1 行业概况
零售行业正处于变革期，特别是在电子商务和线上线下融合的趋势下，市场需求持续增长。根据最新的市场研究，全球零售市场预计将在未来五年内增长10%，尤其是以电子商务和O2O（线上到线下）为主的零售模式将占据主导地位。国内市场的年轻消费者群体日益壮大，这为零售示例公司提供了丰富的市场机会。

### 3.2 目标市场细分
- **时尚消费市场**：主要面向18-35岁之间的年轻人群体，这些消费者对时尚、舒适与品牌有较高的要求，倾向于在线上购物并在实体店体验产品。
- **家居市场**：包括城市家庭和单身年轻人，他们注重家居生活的个性化和舒适性，倾向于选择符合现代设计和高性价比的产品。
- **电子产品市场**：主要面向30-45岁的中产阶级群体，他们对高科技产品有较高需求，尤其偏好智能手机、家电等创新产品。

### 3.3 市场需求
消费者对高质量商品和便捷购物体验的需求日益增加，尤其是在电子商务平台与线下零售店结合的场景下。零售示例公司通过线上线下融合的模式，能够满足这一需求。公司计划继续扩展其商品种类，并通过精准的市场推广策略吸引更多消费者。

### 3.4 竞争分析
目前市场上主要竞争者包括传统零售商、线上电商平台以及综合零售品牌。零售示例公司通过高效的供应链管理、创新的销售渠道和强大的品牌建设，能够在激烈的竞争中脱颖而出。我们将通过提供更优质的产品、更卓越的客户服务和更便捷的购物体验，在市场上占据一席之地。

### 3.5 市场进入壁垒
进入零售行业需要强大的资金支持、供应链管理能力以及市场营销能力。零售示例公司凭借其创新的商业模式和优秀的管理团队，已成功克服了这些壁垒，并在多个主要市场取得了初步成功。

---

## 4. 产品和服务

### 4.1 产品/服务概述
零售示例公司销售的主要产品涵盖时尚、家居及电子产品。所有产品均经过精心挑选，以确保质量和创新，满足消费者对品质和性价比的高需求。我们提供一系列独特设计和高性能的商品，力求满足不同消费者群体的个性化需求。

### 4.2 产品开发和创新
公司一直致力于产品创新，不仅不断更新现有产品系列，还将定期推出独家限量版商品。此外，我们在产品开发中重视环保和可持续性，未来将增加绿色产品的比例，以响应全球日益增强的环保意识。

### 4.3 产品生命周期
各类产品的生命周期管理是我们产品策略的重要组成部分。零售示例公司定期对产品进行更新换代，通过引入创新产品和改进现有产品，保持产品线的新鲜感和市场竞争力。

### 4.4 定价策略
我们采用市场渗透定价策略，确保在保持竞争力的同时，也能够为消费者提供高性价比的商品。通过精准的市场分析和定价模型，我们确保每一款产品在满足消费者需求的同时，能够实现合理的利润空间。

---

## 5. 营销和销售策略

### 5.1 营销目标",,,,
科技,"# 未来科技有限公司商业计划书

## 1. 执行摘要

**使命宣言**:
未来科技有限公司致力于推动技术创新，通过智能化解决方案改善全球企业的运营效率。

**业务描述**:
未来科技有限公司专注于开发和推广基于人工智能和大数据分析的企业管理软件，帮助企业实现数字化转型，提高运营效率和决策能力。

**所需资金**: 500万人民币

**目标**:
- 成为人工智能和大数据领域的领导者
- 3年内实现盈利
- 为全球500强企业提供解决方案

## 2. 公司概况

**公司历史**:
未来科技有限公司成立于2022年，总部位于北京市海淀区中关村科技园区。我们专注于为企业提供基于AI和大数据的高效管理解决方案。

**法律结构**:
未来科技有限公司为有限责任公司。

## 3. 市场分析

**行业概况**:
随着技术的发展，人工智能和大数据技术在企业中得到广泛应用，推动了企业数字化转型的需求增加。

**目标市场**:
我们的目标客户为中大型企业，主要集中在金融、制造、零售等行业。全球AI和大数据管理软件市场预计在2025年将达到100亿美元。

**竞争对手**:
主要竞争对手包括商汤科技和华为云等公司。

## 4. 产品和服务

**产品**:
我们的主打产品是AI企业管理系统，结合人工智能和大数据技术，为企业提供高度定制化的管理解决方案。

**独特价值主张**:
我们的独特之处在于提供个性化定制的解决方案，帮助企业实现精准决策和提高运营效率。

**知识产权**:
公司已申请3项AI算法专利和持有1项软件著作权。

## 5. 营销和销售策略

**市场定位**:
未来科技有限公司定位为中大型企业的数字化转型伙伴，为他们提供高效的管理解决方案。

**定价策略**:
我们采用年度订阅模式的定价策略。

**推广渠道**:
我们将通过线上营销、行业展会和直接销售等渠道进行推广。

**销售流程**:
销售流程包括电话销售、邮件营销和产品演示等环节。

## 6. 运营计划

**业务结构**:
未来科技有限公司的业务结构包括CEO、技术团队、销售团队和客户支持团队。

**设施**:
公司位于北京市海淀区，拥有2000平方米的办公区。

**关键角色**:
公司的关键角色包括CEO、CTO和销售总监。

**供应链**:
公司内部研发，基础设施由AWS和阿里云提供支持。

## 7. 财务计划

**启动成本**:
- 一次性成本包括研发费用、市场推广费用等。
- 经常性成本包括人员工资、办公租金等。

**资金需求**:
资金将用于产品研发、市场推广和团队建设，总金额为500万人民币。

**预测**:
我们预测在未来三年内实现盈利，具体收入、支出和利润将根据市场反馈和运营情况进行调整。

## 8. 风险分析

**风险**:
- 技术研发滞后可能影响产品竞争力。
- 市场竞争加剧可能导致市场份额下降。
- 资金链断裂可能影响公司正常运营。

## 9. 结论

未来科技有限公司在人工智能和大数据管理软件领域具备市场优势，我们将通过持续的技术创新和有效的市场推广，实现公司的长期发展目标。我们相信，未来科技有限公司将成为行业的领导者，并为全球500强企业提供高效的数字化解决方案。

以上是未来科技有限公司的商业计划书，我们期待与投资者和合作伙伴共同开创美好未来。",,,,
农业,"### 丰收农业科技有限公司商业计划书

#### 1. 执行摘要

**使命宣言**  
丰收农业科技有限公司致力于通过科技创新，推动农业现代化，帮助农民实现精准农业生产。我们的使命是利用前沿的科技手段提升农业生产效率，为农民创造更大的价值，最终实现丰收梦想。

**业务概述**  
丰收农业科技有限公司成立于2010年，专注于为农业提供先进的科技解决方案。公司通过智能化、数字化的手段，帮助农民提高农业生产效率、减少生产成本、提升资源利用率。我们的产品包括智慧农场管理系统和智能农业无人机等智能化解决方案，助力农业实现精准化管理与可持续发展。

**核心目标**  
- 成为农业科技领域的领导者，为国内外农业生产提供创新的解决方案。
- 通过智能农业技术推动农业现代化，帮助农业产业结构优化升级。
- 提高产品研发投入，持续推出符合市场需求的高效农业技术，帮助农民提升生产效率、改善生活质量。

**资金需求**  
公司计划通过外部融资500万元人民币，用于加大产品研发力度和市场推广。具体用途为：  
- 产品研发：100万元  
- 市场推广：50万元  
- 日常运营与扩张：350万元

**财务亮点**  
- 预计收入：
  - 第1年：150万元  
  - 第2年：300万元  
- 预计利润：
  - 第1年：30万元  
  - 第2年：50万元

**商业机会**  
随着农业现代化和智能化需求的日益增长，丰收农业科技有限公司凭借领先的智能农业技术，将抓住未来农业技术市场的巨大机遇。预计未来五年内，国内农业科技市场规模将达到100亿人民币，年增长率达到15%。

---

#### 2. 业务描述

**公司历史**  
丰收农业科技有限公司成立于2010年，由一群热爱农业的科技专家创立。公司自成立以来，始终致力于提供创新的农业科技产品与服务，帮助农业从传统的劳动密集型模式向现代化、高效、智能化生产方式转型。经过多年的努力，丰收农业已成为国内领先的农业科技企业之一，拥有多项核心技术与专利，涵盖智能农场管理、智能农业无人机及精准农业等多个领域。

**公司结构**  
- 法律形式：有限责任公司  
- 所在地：北京市朝阳区农业科技园区  
- 主要部门：研发、销售、客服、财务、行政

公司目前共有50名员工，其中研发人员占比40%。团队结构合理，拥有丰富的农业和技术背景，能够为公司提供强大的技术支持与创新动力。

**产品与服务**  
公司主要提供两大核心产品：
1. **智慧农场管理系统**：利用物联网、云计算和大数据技术，帮助农民远程监控农场状况，进行智能化管理。系统能够实时采集数据，优化灌溉、施肥等农业操作，减少资源浪费。
   - 定价：每年5000元/农场  
   - 主要功能：实时数据监测、智能灌溉、环境监控、作物生长分析等

2. **智能农业无人机**：用于精准的农田勘测、作物监控和植保喷洒等，能够提高作业效率，降低农药使用量，减少环境污染。
   - 定价：每次作业500元  
   - 主要功能：高清影像采集、精准植保作业、作物病虫害检测等

**长期目标**  
- 成为国内智能农业技术的领军企业，为全球农业提供创新解决方案。
- 通过持续的技术创新与市场扩展，帮助农民提升生产效益，推动全球农业产业的智能化转型。

---

#### 3. 市场分析

**行业概况**  
近年来，全球农业正面临着生产效率提升、资源优化利用、可持续发展等一系列挑战。农业科技行业正在快速发展，尤其是在智能农业、精准农业领域，技术创新带来了前所未有的机会。全球智能农业市场预计将在未来几年内保持15%的年复合增长率。

在中国，随着农村劳动力逐渐减少以及土地规模化经营的推进，科技手段在农业中的应用越来越受到重视。农业科技不仅能够提升产量，还能在环保和资源节约方面发挥重要作用。政府也在大力支持农业智能化转型，政策利好使得市场潜力巨大。

**目标市场**  
丰收农业科技有限公司的主要目标市场为农村地区的种植大户、农民合作社以及地方农业企业。随着农村经济的发展，农民对农业科技产品的需求逐渐增加。预计未来五年内，国内农业科技市场的规模将突破100亿人民币，年增长率保持在15%左右。

**竞争对手分析**  
1. **农科大师**  
   - **优势**：拥有强大的研发团队，技术成熟，产品质量优良。  
   - **劣势**：市场覆盖面较窄，尤其是在中小型农场领域，缺乏足够的市场推广。

2. **农田科技**  
   - **优势**：产品线丰富，能够提供全方位的农业解决方案。  
   - **劣势**：产品定价较高，且技术更新速度相对较慢，创新能力有待加强。

**竞争优势**  
- 丰收农业科技有限公司提供一整套智能农业解决方案，包含农场管理系统、无人机等，帮助农民从生产到管理全程智能化。
- 公司拥有多项自主研发的核心技术和专利，保证了技术的领先性。
- 丰收农业有着强大的技术团队和完善的服务体系，能够为客户提供个性化的解决方案。

---

#### 4. 产品和服务

**核心产品与解决方案**  
1. **智慧农场管理系统**  
   该系统通过集成物联网传感器、无线网络和云计算技术，帮助农民实时监控作物生长情况、土壤湿度、气候条件等关键数据，从而实现精准农业。该系统可以大大降低人工成本，提高灌溉、施肥的效率，并为农业决策提供数据支持。  
   - 定价：每年5000元/农场  
   - 特点：实时数据监测、智能灌溉、环境监控  
   - 优势：提高生产效率、节约资源、减少劳动成本

2. **智能农业无人机**  
   该无人机专为农业设计，能够进行农田巡视、作物健康评估、精准植保等工作。其高清影像和高精度传感器能够对作物生长情况、病虫害等问题进行及时检测并提供决策支持。  
   - 定价：每次作业500元  
   - 特点：高清影像、精准喷洒  
   - 优势：提升作业效率、降低农药使用、减少环境污染

**独特价值主张**  
丰收农业科技有限公司的核心竞争力在于为农民提供全方位的智能农业解决方案。我们的产品不仅提升生产效率，还能有效减少资源浪费，帮助农民降低成本并提高收益。我们致力于通过创新科技，推动农业生产方式的转型升级。

---

#### 5. 营销和销售策略

**市场定位**  
丰收农业科技有限公司专注于为中小型农场、农民合作社以及农业产业链中的各类企业提供智能化的农业解决方案。我们的目标是通过提供高性价比的产品和精准的服务，帮助这些客户提升生产效率、优化管理流程。

**定价策略**  
公司采取差异化定价策略，根据不同产品的功能与市场需求来调整定价。智慧农场管理系统将按年度订阅收费，而智能农业无人机则按每次作业收费。这一策略不仅能够确保灵活的定价模式，还能满足不同客户的需求。

**推广渠道**  
- **农业科技展会**：通过参与国内外农业科技展会，展示我们的技术成果与产品，吸引潜在客户。  
- **农业合作社合作**：与农业合作社建立合作关系，通过合作社的网络快速推广产品。  
- **社交媒体与线上营销**：通过社交平台和自有电商平台，开展线上营销，扩大品牌影响力。

**销售流程**  
公司采用线上平台与销售代表相结合的销售模式。客户通过在线平台了解产品，并与销售代表进行沟通，建立长期合作关系。通过持续的客户跟进和优质的售后服务，提升客户满意度并形成口碑传播。

---

#### 6. 运营计划

**公司结构**  
公司设有研发、销售、客服、财务等部门，各部门分工明确，确保公司的高效运作。研发团队负责技术创新与产品开发，销售团队负责市场拓展与客户维护，客服团队提供售后支持，财务团队管理公司资金流动与预算。

**设施与资源**",,,,
房地产,"# 璟华地产发展有限公司商业计划书

## 1. 执行摘要

### 使命宣言
璟华地产发展有限公司的使命是打造优质生活，成就美好未来。

### 公司概况
璟华地产发展有限公司成立于2010年，专注于高端住宅项目的开发，致力于提供高品质的房地产开发和物业管理服务。

### 所需资金
公司计划筹集500万元资金，用于支持项目开发、营销推广和其他运营活动。

### 目标
- 成为本地区房地产开发的领导者。
- 建立长期稳定的客户关系，树立行业品牌。

## 2. 业务描述

### 公司历史
璟华地产发展有限公司成立于2010年，专注于高端住宅项目的开发，拥有多年市场经验和稳定的客户群体。

### 法律结构
公司为有限责任公司，享有独立法人资格。

### 公司位置
总部位于城市中心商业区，交通便利，地理位置优越。

### 成立日期
2010年5月。

## 3. 市场分析

### 行业概况
房地产市场稳步增长，尤其是高端住宅需求持续增加。中高收入群体对高品质住宅的需求不断上升。

### 目标市场
- 人口统计：中高收入家庭，年龄25-50岁，注重生活品质和居住环境。
- 市场规模：本地区高端住宅市场，预期未来5年内市场年增长率约为10%。
- 增长潜力：随着区域经济的发展和改善，需求将持续增长。

### 竞争对手分析
1. **璞华地产**
   - 优势：品牌知名度高，丰富的项目经验。
   - 劣势：项目周期较长，市场定位较为保守。

2. **泰和地产**
   - 优势：快速响应市场变化，创新的设计理念。
   - 劣势：规模较小，品牌影响力待提升。

## 4. 产品与服务

### 主要产品
- **璟华花园**
  - 高端住宅社区，独特园林景观设计，每平米售价10000元。
  - 高绿化率，完善配套设施。
  - 优美环境，高品质建筑材料。

### 独特价值主张
通过独特的景观设计和高品质建筑，为客户打造舒适宜居的生活空间。

### 知识产权
公司拥有部分项目的设计专利。

## 5. 营销和销售策略

### 市场定位
专注于中高端客户群体，提供高品质住宅产品，打造独特生活体验。

### 定价策略
采用略高于市场平均价的定价策略，突出产品的高端定位。

### 推广渠道
- 线上广告：社交媒体、搜索引擎。
- 地产展览会：本地区和全国房地产展览会。
- 社交媒体营销：微信、微博等平台建立客户关系。

### 销售流程
1. 客户咨询
2. 项目参观
3. 签订购房合同
4. 交付房产

## 6. 运营计划

### 业务结构
总经理负责公司整体运营，分设开发部、销售部、物业管理部等，确保各部门高效协作。

### 设施与基础设施
公司拥有现代化办公设施和基建设备，保障项目顺利推进。

### 关键管理人员
1. 总经理：制定发展战略，协调各部门工作。
2. 销售总监：销售团队管理，制定销售策略。

### 供应链管理
与可靠建材供应商合作，确保高品质施工和及时交付。

## 7. 财务计划

### 启动成本
- 项目前期调研费用：20万元。
- 营销策划费用：15万元。

### 经常性成本
- 员工工资：10万/月。
- 物业管理费：5万/季度。

### 资金需求
- 总金额：800万元
  - 项目开发资金：600万元
  - 营销推广费用：200万元

### 财务预测
- 收入预测：
  - 第1年：1000万元
  - 第2年：1200万元
- 支出预测：
  - 第1年：800万元
  - 第2年：1000万元
- 利润预测：
  - 第1年：200万元
  - 第2年：200万元

## 8. 风险分析

### 市场竞争激烈
- 影响：高
- 概率：中
- 缓解策略：创新产品，提升服务质量，保持市场差异化。

### 政策调整导致投资风险
- 影响：中
- 概率：低
- 缓解策略：与政府部门保持良好沟通，及时调整战略。

## 9. 结论

璟华地产发展有限公司致力于通过创新、精湛的建筑设计和高品质服务，成为高端住宅市场的领导者。公司将持续发展和优化，实现财务目标，树立行业标杆，赢得客户信任和支持。

以上是璟华地产发展有限公司的商业计划书，展示了公司的使命、产品、市场分析、运营计划和财务预测。公司将不断努力，实现商业目标，为客户提供优质的房地产产品和服务。",,,,
餐饮,"# 美味家餐厅商业计划书

## 1. 执行摘要

### 公司概况
美味家餐厅（以下简称“美味家”）成立于2010年5月15日，是一家定位于提供高品质家庭美食的餐饮企业。公司注册为有限责任公司，经营地点位于市中心商业区，周围有大量居民区和办公区域。美味家餐厅由资深厨师王先生创办，致力于为顾客提供新鲜、美味、健康的餐饮体验，创造如家般温馨的用餐环境。

### 使命宣言
美味家的使命是通过为顾客提供新鲜、美味和健康的家常餐品，使每一位顾客都能在温馨的环境中享受到家的味道。我们的宗旨是以客户为中心，注重细节，确保每一位顾客都能获得独特而难忘的用餐体验。

### 业务目标
- **市场目标**：成为当地最受欢迎的餐厅，建立稳固的顾客群体。
- **财务目标**：每年实现20%的营业额增长。
- **扩展目标**：在未来五年内，计划在市区其他繁华地段开设分店，逐步扩大市场份额。

### 所需资金与资金用途
美味家餐厅计划融资500,000元。资金将主要用于以下方面：
- **装修和设备采购**：200,000元，用于餐厅内部装修和厨房设备的更新。
- **营销与广告**：50,000元，用于品牌推广、社交媒体广告以及本地广告活动。
- **流动资金**：250,000元，用于日常运营，包括人员工资、原材料采购及其他经营成本。

---

## 2. 业务描述

### 公司历史
美味家餐厅由王先生创办于2010年，创始人是一位拥有超过20年餐饮经验的资深厨师。在创建美味家餐厅时，王先生结合了自己对于传统家庭烹饪的热情与对现代餐饮市场需求的深入理解，致力于为顾客提供美味健康的家庭餐点。自成立以来，餐厅凭借其丰富的菜单和温馨的氛围，迅速积累了大量忠实顾客。

### 公司使命与愿景
美味家餐厅的愿景是成为社区居民日常就餐的首选地，同时也为外来游客提供高品质的餐饮体验。我们希望通过持续的产品创新、卓越的服务以及营造舒适的用餐环境，打破传统餐饮的局限，真正让顾客在忙碌的城市生活中找到家的温馨。

### 业务模式
美味家餐厅的业务模式专注于提供家庭式餐饮，主要通过堂食与外卖两种方式满足顾客需求。我们拥有一个多元化的菜单，其中包括各式家常套餐、特色午餐和时令健康菜品。我们的特色在于菜品新鲜、健康，且价格合理，主要吸引家庭顾客、白领群体以及年轻人群。通过优质的餐饮体验和舒适的环境，我们力求为顾客提供“家的味道”。

### 法律结构
美味家餐厅注册为有限责任公司（LLC），公司拥有扁平化管理结构。餐厅由王先生负责整体运营和战略规划，厨房和服务团队则由各部门负责人管理。公司结构的简洁使得管理高效，并且能够迅速响应市场和顾客需求。

### 公司位置
餐厅位于市中心商业区，地理位置优越，周边有大量居民区和办公区域，交通便利，顾客群体主要来自本地居民以及周边白领阶层。这个区域有很高的客流量，且周围餐饮市场竞争激烈，因此，美味家餐厅凭借其独特的产品和服务定位，能够在竞争中脱颖而出。

---

## 3. 市场分析

### 行业概况
餐饮行业在过去几年持续增长，尤其是在健康饮食和高品质餐饮需求日益增加的趋势下，市场前景广阔。随着消费者对餐饮质量、健康和营养的关注，餐饮企业的竞争已经不再局限于价格，而更多地围绕产品的口味、健康价值和用餐体验展开。根据市场研究，未来五年内，餐饮行业的年均增长率预计将达到5%，而健康餐饮、家常风味和高品质餐厅的需求尤为强劲。

### 目标市场
美味家餐厅的目标市场主要包括以下几类顾客群体：
1. **家庭顾客**：他们更注重餐品的健康与营养，尤其是需要适合儿童和老人的餐点，且喜欢在一个舒适温馨的环境中就餐。
2. **白领群体**：这些顾客多为在附近办公的年轻职场人，他们的就餐需求通常集中在快捷、高效、营养的餐品上。
3. **年轻人群**：他们注重餐饮体验，愿意尝试新鲜、美味的菜品，并追求一种轻松愉悦的用餐氛围。

美味家餐厅位于中等规模城市，市场规模适中，预计未来五年内，餐厅所在地区的餐饮需求将保持5%的年增长率。

### 市场增长潜力
随着健康饮食概念逐渐渗透到消费者的日常生活中，家庭餐饮和传统美味的市场需求将持续增长。美味家餐厅凭借其创新的产品和优质的服务，有望在未来五年内持续吸引大量忠实顾客，并实现稳定的市场份额提升。

### 竞争分析
当前市场中的竞争对手主要包括以下几家餐厅：
1. **香香餐厅**：具有较高的市场知名度，菜品丰富，但价格偏高，且服务效率相对较慢。
2. **乐家美食**：提供价格亲民的餐品，但菜品种类较为单一，且环境嘈杂。

美味家餐厅的竞争优势在于其高品质的家庭美食、优质的顾客服务以及温馨的就餐环境。此外，我们通过与当地农场和食材供应商建立长期合作关系，确保食材的新鲜度和品质，进一步提升了市场竞争力。

---

## 4. 产品与服务

### 产品概述
美味家餐厅的核心产品包括：
1. **家常套餐**：包含主食、汤品、小吃等，所有菜品都强调使用新鲜食材和传统家庭烹饪技巧，满足顾客对健康和美味的双重需求。人均消费约为50元。
2. **特色午餐**：每日推出不同的午餐套餐，包括饮品和甜点，价格亲民，物美价廉，适合快节奏的工作日午餐需求。套餐价格区间在30元至60元之间。

此外，我们还提供一些季节性或节日限定的特色菜品，进一步丰富了顾客的用餐选择。

### 独特价值主张
美味家餐厅的独特价值主张在于为顾客提供一种温馨如家的用餐体验，餐品注重健康与营养，食材新鲜，且每道菜品都力求保持传统的家常味道。我们相信，美味家餐厅不仅仅是一家餐厅，它是一个让顾客放松、享受美好时光的地方。

### 知识产权
目前，美味家餐厅尚未注册专利或商标，但我们高度重视知识产权的保护，尤其是自家菜谱和食材供应链的管理。在未来，随着品牌的不断发展，我们将考虑注册相关商标和专利，以保护我们的核心竞争力。

---

## 5. 营销与销售策略

### 市场定位
美味家餐厅的市场定位是高品质家庭美食餐厅，致力于为顾客提供健康、营养、快捷的家庭式餐饮服务。我们主打温馨、舒适的就餐环境和卓越的顾客体验，旨在吸引那些重视餐饮健康与家庭氛围的顾客。

### 定价策略
我们将采用市场导向的定价策略，综合考虑原材料成本、市场竞争情况以及顾客的支付意愿。我们的产品价格既要保证品质，也要保持一定的竞争力，以吸引广泛的顾客群体。整体定价范围适中，适合中等收入的家庭和年轻职场人群。

### 推广策略
美味家餐厅的推广策略包括：
- **社交媒体广告**：通过微信、微博、抖音等平台推广餐厅品牌，吸引年轻顾客群体。
- **本地广告**：在周边社区和办公区域通过传单、海报等方式进行宣传，增加曝光率。
- **与社区合作**：与周边社区开展联合活动，组织优惠促销或美食",,,,
电子商务,"# 智尚电商科技有限公司商业计划书

## 1. 执行摘要

### 1.1 使命宣言
智尚电商科技有限公司致力于为全球消费者提供便捷、智能、安全的在线购物体验，推动全球电商行业的可持续发展。我们秉承创新和技术驱动的核心理念，通过智能化平台和产品，将生活方式与数字化购物融合，提升消费者的购物体验和生活品质。

### 1.2 业务概述
智尚电商科技有限公司是一家专注于智能家居和运动健康领域的创新型电商公司，致力于为消费者提供多样化的高端消费产品。通过自研技术平台及创新的智能化产品，我们整合了大数据、人工智能和云计算等技术，优化用户购物体验和销售效率。公司将产品品类覆盖智能家居、运动健康设备等，旨在为中高收入群体提供高品质、个性化的消费体验。

### 1.3 目标
- **第一年度目标**：实现月均用户增长15%，并建设完善的品牌认知。
- **第二年度目标**：达到盈亏平衡，开始盈利，扩大市场份额。
- **第五年度目标**：成为中国电商行业前三大平台之一，确立行业领先地位。

### 1.4 资金需求
- **目标资金需求：** 5,000,000元，资金将主要用于产品研发、市场推广、平台优化和团队扩展等方面。

---

## 2. 业务描述

### 2.1 公司历史
智尚电商科技有限公司成立于2023年6月15日，致力于打造智能化的电商平台。公司创始团队拥有超过10年的电商行业经验，曾成功运营多个电商项目，积累了丰富的市场资源和运营经验。凭借深厚的行业背景和技术创新，智尚电商已经在电商行业中崭露头角。

### 2.2 法律结构
智尚电商科技有限公司为有限责任公司，依法注册并具备独立法人资格，拥有完整的法律和财务结构，能够独立承担法律责任。

### 2.3 位置
公司总部设立于北京市朝阳区建国路，拥有两处办公区域，并设有一个智能化产品仓库。仓库配备了自动化库存管理系统，以确保产品的快速发货和库存的高效管理。

### 2.4 核心团队
- **CEO（首席执行官）：** 负责公司整体战略规划、日常运营和与投资人的沟通。具有10年以上的电商行业经验，曾成功运营多个知名电商平台项目。
- **CTO（首席技术官）：** 负责平台的技术研发、技术优化和安全保障。拥有丰富的技术团队管理经验，曾主导多个大型电商平台的技术架构设计。

---

## 3. 市场分析

### 3.1 行业概况
近年来，中国电商行业经历了高速增长，尤其是在疫情之后，线上购物成为了主要消费方式。随着消费水平的提高，消费者对于高品质、个性化和便捷的购物体验提出了更高的要求。移动支付的普及和物流体系的不断优化为电商行业的持续增长提供了强有力的支持。预计到2025年，中国电商市场的规模将达到16万亿人民币，行业增长潜力巨大。

### 3.2 目标市场
- **人口统计：** 我们的主要目标市场是25至45岁的中高收入群体，包括都市白领、年轻家庭和学生群体。这些群体对智能家居产品和运动健康设备有较高的需求，且愿意为高质量的产品支付溢价。
- **市场规模：** 预计中国电商市场将在2025年达到16万亿人民币，智能家居和运动健康产品市场的年均增长率将达到10%-15%。
- **增长潜力：** 电商行业在未来5年将继续增长，尤其是智能硬件产品和健康类设备的需求将进一步提高，市场潜力巨大。

### 3.3 竞争分析
- **淘宝：** 拥有庞大的用户基数和强大的物流网络，但平台上商品质量良莠不齐，且竞争异常激烈，用户粘性不足。
- **京东：** 优势在于快速物流和高质量商品，但价格相对较高，且其用户粘性不如预期，存在较强的价格竞争压力。

智尚电商科技有限公司通过创新的产品和智能化服务，力图在淘宝和京东之间找到一片未被充分开发的市场空白，通过差异化定位，吸引中高收入群体。

---

## 4. 产品和服务

### 4.1 产品概述
智尚电商的主要产品包括智能家居和运动健康类产品：
- **智能家居产品：** 例如智能音响、智能灯泡、智能插座等，消费者可以通过手机APP控制这些设备，实现家庭的智能化。产品价格区间为200元至2000元，主打便捷安装、节能环保等特点。
- **运动健康产品：** 包括智能手环、智能体重秤、跑步机等，旨在帮助消费者跟踪健康数据、改善运动表现。产品价格区间为150元至3000元，侧重健康监控和个性化运动指导。

### 4.2 独特价值主张
智尚电商通过创新的产品设计与智能化服务，致力于为消费者提供更高品质的生活体验。我们的平台不仅销售智能硬件产品，还通过大数据和人工智能技术提供定制化购物推荐和智能化的生活解决方案，致力于打造一个智能化的购物与生活生态圈。

### 4.3 知识产权
智尚电商科技有限公司已申请多项智能硬件和软件相关的技术专利，并注册了与品牌相关的商标保护，以确保公司在产品创新和市场竞争中的独特性。

---

## 5. 营销和销售策略

### 5.1 市场定位
智尚电商科技有限公司定位为中高收入群体提供差异化电商购物体验的平台。我们的产品注重创新与品质，力图打造一个高端、智能化的购物环境，满足消费者对科技和生活品质的双重需求。

### 5.2 定价策略
智尚电商采取中高端定价策略，确保产品在质量上能够满足高端消费群体的需求，并在同类产品中提供具有竞争力的性价比。我们的定价将考虑到产品的独特性、创新性以及市场需求的不同，确保每个消费者都能体验到高质量的购物体验。

### 5.3 推广渠道
- **社交媒体广告：** 在微博、微信、抖音等社交平台上进行定向广告投放，精准触及目标消费群体。
- **合作伙伴推广：** 与其他电商平台或品牌联合，扩大产品曝光和市场渗透率。
- **搜索引擎营销：** 通过SEO和SEM提升平台在搜索引擎中的排名，吸引更多用户访问平台。

### 5.4 销售流程
消费者在平台上浏览商品后，可以选择在线支付，平台将在24小时内发货，并提供实时物流追踪服务。我们还将为消费者提供完善的售后服务，确保用户体验的持续提升。

---

## 6. 运营计划

### 6.1 业务结构
智尚电商设有多个部门，确保公司高效运作：
- **产品研发部：** 负责产品设计、研发及技术优化。
- **市场部：** 负责品牌建设、市场推广和用户增长。
- **运营部：** 负责平台管理、库存管理及日常运营。
- **客服部：** 提供全天候客户支持服务。
- **财务部：** 负责公司财务管理、预算规划和资金监管。

### 6.2 设施
公司总部设在北京市朝阳区，拥有两个办公区域和一个智能化产品仓库。仓库配备了自动化库存管理系统，确保产品高效配送。

### 6.3 关键角色
- **CEO：** 负责公司的战略规划与日常运营管理。
- **CTO：** 负责平台技术架构、产品研发与技术创新。

### 6.4 供应链管理
智尚电商与国内外多家知名电子产品制造商建立了长期稳定的合作关系，确保供应链的高效运作和产品质量的可靠性。

---

## 7. 财务计划

### 7.1 启动成本
- **公司注册及法律费用：** 50,000元
- **平台开发与测试：** 300,000元
- **首批产品采购：** 1,000,000元

### 7.2 经常性成本
- **员工薪资：** 200,000元/月
- **平台运营及维护费用：** 50,000元/月
- **广告及市场推广费用：**",,,,
专业服务,"### 智慧专业服务有限公司商业计划书

---

#### 1. 执行摘要

**使命宣言**：智慧专业服务有限公司致力于利用专业知识和智慧，为客户提供卓越的服务体验，帮助他们实现财务和法律目标。

**业务描述**：成立于2010年的智慧专业服务有限公司是一家专注于高端专业服务的公司，旨在成为行业领先者，建立长期合作关系，并实现业务多元化。

**所需资金**：5000000元人民币。

**目标**：
- 成为专业服务行业的市场领导者。
- 建立并维护长期客户关系。
- 实现业务多元化，拓展新的收入来源。

---

#### 2. 业务描述

**公司历史**：智慧专业服务有限公司成立于2010年，专注于为客户提供高端财务和法律咨询服务，始终以客户为中心，追求卓越和创新。

**法律结构**：有限责任公司（LLC）。

**公司位置**：总部位于城市中心商务区，便于与客户和合作伙伴建立紧密联系。

**成立日期**：2010年5月。

---

#### 3. 市场分析

**行业概况**：专业服务行业正处于快速增长阶段，数字化转型和高科技应用正在改变行业格局，推动新服务模式的形成。行业增长率约为10%，中小企业和高净值个人客户需求强劲。

**目标市场**：
- **人口统计**：中小型企业主和高净值个人。
- **市场规模**：约100亿美元，增长潜力巨大。
- **增长潜力**：预计年增长率为10%，受数字化和高效服务需求推动。

**竞争对手分析**：
- **专业服务ABC公司**：广泛客户网络，创新解决方案。
- **专业服务XYZ公司**：专业团队，客户满意度高。

---

#### 4. 产品和服务

**财务咨询服务**：
- **描述**：提供全方位财务咨询，包括投资管理和财务规划。
- **定价**：每小时150美元。
- **特点**：专业团队、个性化服务。
- **优势**：深入行业了解、定制化解决方案。

**法律咨询服务**：
- **描述**：提供法律意见和支持，涵盖各领域法律事务。
- **定价**：每小时200美元。
- **特点**：资深律师团队、全面法律服务。
- **优势**：专业法律知识、快速响应。

**独特价值主张**：专业团队和个性化服务为客户提供独特、高效解决方案，确保客户获得最大价值。

---

#### 5. 营销和销售策略

**市场定位**：面向高端客户，通过优质服务吸引中小企业主和高净值个人客户。

**定价策略**：市场竞争定价，保持竞争力和服务质量。

**推广渠道**：
- 社交媒体广告
- 行业会展
- 客户推荐

**销售流程**：建立客户关系管理系统，全程管理服务交付，提升客户满意度和转化率。

---

#### 6. 运营计划

**业务结构**：平铺式组织结构，快速响应客户需求和市场变化。

**设施**：现代化办公室设施，先进技术设备，确保工作效率和服务质量。

**关键角色**：
- **首席执行官（CEO）**：制定战略规划，领导团队执行。
- **财务总监（CFO）**：负责财务管理、预算规划和资金监督。

**供应链管理**：与优质供应商合作，确保服务高标准和持续性。

---

#### 7. 财务计划

**启动成本**：
- 办公室租金和装修：200,000元。
- 技术设备购置：100,000元。

**经常性成本**：
- 员工工资：每月50,000元。
- 市场推广费用：每月20,000元。

**资金需求**：
- 总金额：1,000,000元。
- 资金用途：
  - 扩大市场推广：500,000元。
  - 技术升级：300,000元。

**财务预测**：
- **收入预测**：
  - 年度1：800,000元。
  - 年度2：1,200,000元。
- **支出预测**：
  - 年度1：600,000元。
  - 年度2：900,000元。
- **利润预测**：
  - 年度1：200,000元。
  - 年度2：300,000元。

---

#### 8. 风险分析

**市场竞争激烈**：
- 影响：中等。
- 概率：高。
- 缓解策略：持续创新、提升服务质量、增强客户满意度。

**法律法规变化**：
- 影响：高。
- 概率：中等。
- 缓解策略：定期跟踪法规变化、调整业务策略、确保合规性。

---

#### 9. 结论

智慧专业服务有限公司将通过专业化服务、精准市场定位和创新发展策略实现持续增长和长期盈利。凭借高素质团队、个性化解决方案和强大客户关系管理，我们有信心在竞争激烈的市场中脱颖而出，建立长期客户信任和合作。

---

以上是智慧专业服务有限公司的商业计划书，展示了公司的使命、业务描述、市场分析、产品与服务、营销策略、运营计划、财务计划和风险分析。这份计划书旨在为公司的发展提供指导和战略方向，吸引投资者并实现长期成功。",,,,
旅游,"### 旅游示例公司商业计划书

---

### 1. 执行摘要 (Executive Summary)

#### 公司概况

**公司名称**: 旅游示例公司  
**行业**: 旅游  
**创办时间**: XX年  
**业务模式**: 在线平台提供定制旅游服务和旅行套餐，专注于个性化定制、智能推荐和高质量的客户体验。公司通过强大的技术支持和广泛的供应链合作，满足全球旅行者的个性化需求。

#### 使命宣言

“在旅游领域创造价值。” —— 旅游示例公司致力于通过创新和客户导向的服务，提供独特的旅游体验。我们不断探索新的解决方案，使每一次旅行都能带来无与伦比的满足感和记忆。

#### 愿景

成为全球领先的定制化旅游解决方案提供商，为每一位客户打造个性化、高质量的旅行体验，成为全球旅行者的首选旅游伙伴。

#### 公司目标

- 在未来三年内拓展至全球五个主要市场。
- 提升市场份额，通过科技创新和个性化服务，保持行业领先地位。
- 在三年内实现盈亏平衡，并进一步实现持续的盈利增长。

#### 财务亮点

- 第一年度收入预计为XX万元，第二年度收入达到XX万元，预计年增长率为XX%。
- 第三年度实现盈利，预计年度收入为XX万元，净利润达到XX万元。
- 资金需求：公司计划融资XX万元，用于市场扩展、技术研发以及平台优化。

#### 主要需求

- **融资需求**：XX万元，用于加速市场扩展、技术创新及品牌建设。

---

### 2. 业务描述 (Business Description)

#### 公司背景

旅游示例公司是一家致力于为全球旅行者提供个性化旅游解决方案的创新型企业。我们通过自有的在线平台，结合先进的人工智能、大数据技术和强大的供应商合作网络，为每位客户量身定制旅行行程，提供机票、住宿、交通、活动等一站式服务。我们旨在改变传统旅游服务的模式，推动旅游行业的数字化转型。

#### 行业分析

旅游行业正经历一场数字化变革，传统的旅行社和旅游公司已逐步被线上平台所取代。随着消费者对个性化需求的增长，定制旅游成为市场的重要趋势。同时，后疫情时代的旅游需求回暖也为行业带来了新的发展机遇。根据行业数据，全球旅游市场的年收入已突破XX亿美元，并预计在未来五年将继续增长。

#### 业务模式

旅游示例公司采用B2C和B2B两种业务模式：

- **B2C业务**：通过自有平台向消费者提供定制旅游服务。平台基于大数据和AI算法推荐个性化的旅行方案，并提供在线咨询与售后支持。
- **B2B业务**：为企业客户提供团体旅游、奖励旅游等定制化旅游方案，满足不同企业的出行需求。

#### 核心竞争力

- **技术创新**：强大的数据分析和个性化推荐系统，确保每位客户都能获得量身定制的旅游方案。
- **广泛的供应链合作**：与全球知名航空公司、酒店集团、交通公司等建立了长期合作关系，确保服务质量与稳定性。
- **专业团队**：我们拥有一支经验丰富的团队，涵盖旅游、技术、市场等多个领域，能够高效执行平台优化与市场扩展计划。
- **客户至上的服务理念**：通过24小时在线支持、专属顾问服务等举措，我们致力于提升客户的旅行体验和满意度。

#### 短期与长期目标

- **短期目标**：优化平台性能，扩大市场份额，提升客户的品牌忠诚度。
- **长期目标**：三年内进入国际市场，并实现品牌的全球影响力。

---

### 3. 市场分析 (Market Analysis)

#### 目标市场

- **个性化旅游客户**：包括中产阶级、年轻人群体、商务旅行者、老年人群体等，他们对旅游服务的个性化、灵活性和质量有较高的要求。
- **企业客户**：包括需要团体旅游、奖励旅游等定制化旅行方案的企业，尤其是跨国公司和高端企业客户。

#### 市场需求分析

随着消费者对旅行质量和个性化需求的提升，定制旅游成为市场的主要发展方向。尤其是在中产阶级和年轻人群体中，个性化旅游的需求正持续增长。后疫情时代，旅游需求的恢复尤为强劲，国内旅游和短途旅行需求更是激增。

#### 市场规模

- 全球旅游市场年收入预计突破XX亿美元，且未来五年有望保持XX%的增长率。
- 定制旅游市场作为细分市场，预计将在未来五年实现XX亿美元的市场规模。

#### 竞争分析

主要竞争者包括携程、途牛等大型在线旅游平台以及一些专业定制旅游公司。旅游示例公司在市场中的竞争优势在于：

- **创新的产品和服务**：通过数据驱动的个性化推荐，我们提供的服务远超传统平台。
- **差异化客户体验**：专属顾问和私人导游服务，提供更贴心、更高端的旅行体验。

#### 市场趋势

- **数字化转型**：旅游行业正在向线上化、智能化快速发展。
- **可持续旅游**：越来越多的消费者关注生态旅游和可持续发展，旅游示例公司积极响应这一趋势，致力于推广绿色旅游。
- **人工智能与大数据应用**：人工智能和大数据将在定制旅游产品的推荐、供应链管理、客户服务等方面发挥越来越重要的作用。

---

### 4. 产品和服务 (Products and Services)

#### 定制化旅游套餐

旅游示例公司提供量身定制的旅行路线、机票、住宿、交通、活动等全套服务。我们根据客户的兴趣、预算和需求提供个性化的旅行方案，包括但不限于探险旅行、文化探索、美食之旅等主题旅游。

#### 特色服务

- **私人导游服务**：为客户提供专业的私人导游，帮助他们更好地了解旅行目的地的文化和特色。
- **专属顾客顾问**：客户可享受专属顾问提供的24小时在线支持，确保每一段旅程都顺利无忧。
- **个性化推荐平台**：基于客户的历史数据、兴趣爱好和行为分析，平台将自动推荐最符合需求的旅游方案。

#### 技术平台

- **智能旅游定制平台**：结合大数据和人工智能技术，平台能够实时更新旅游套餐，智能匹配客户需求，提供个性化服务。
- **移动应用**：通过移动应用，客户可以随时查看行程、调整旅行计划或获取支持。

#### 附加服务

- **旅游保险**：为客户提供专业的旅行保险服务，确保旅行过程中的安全与保障。
- **旅行购物优惠**：与全球知名品牌合作，为客户提供专属优惠和独家活动。

---

### 5. 营销和销售策略 (Marketing and Sales Strategy)

#### 营销目标

- 提高品牌知名度，扩大市场份额，尤其是在高端旅游和定制旅游领域。
- 强化客户忠诚度，建立持续的客户关系，提升回购率和推荐率。

#### 目标市场定位

- **个性化高端市场**：针对追求高质量旅游体验的客户群体。
- **企业客户**：为企业提供高效、便捷的团体定制旅游方案，满足跨国公司等企业需求。

#### 营销策略

- **线上广告**：通过社交媒体、搜索引擎优化（SEO）、Google Ads等渠道进行广告投放，提升品牌曝光率。
- **合作伙伴营销**：与酒店、航空公司、地方旅游局等进行战略合作，互相引流。
- **口碑营销**：通过客户推荐、评价机制和用户生成内容（UGC），推动品牌传播。
- **内容营销**：发布旅游攻略、体验故事、博客、视频等内容，提升SEO效果并增加用户粘性。

#### 销售渠道

- **在线平台**：通过官方网站、移动应用为客户提供便捷的旅游定制和购买服务。
- **合作伙伴渠道**：通过旅行社、企业合作等渠道扩大市场覆盖。
- **社交媒体与线上广告**：通过社交媒体和精准广告引流，吸引直接客户。

---

### 6. 运营计划 (Operations Plan)

#### 业务流程

- 用户通过平台定制行程 → 系统根据客户需求生成推荐方案 → 客户确认并支付 → 提供售后支持。
- 通过智能平台和数据分析系统优化业务流程，确保高效执行。

#### 供应链管理

与全球主要航空公司、酒店集团、交通公司等建立战略合作，确保服务质量稳定性和及时更新。

#### 技术基础设施

平台采用云计算、大数据和AI技术，提高客户体验和操作效率，确保系统",,,,
咨询,"## 卓越咨询有限公司商业计划书

### 1. 执行摘要

#### 1.1 公司简介

卓越咨询有限公司（以下简称“卓越咨询”）成立于2023年5月15日，位于上海市浦东新区陆家嘴金融区，是一家专注于为中小型企业提供全面管理咨询服务的公司。我们致力于通过精准的战略解决方案、创新的业务流程优化手段和市场扩展策略，帮助客户在竞争激烈的市场环境中脱颖而出。公司采用有限责任公司（LLC）形式运作，具备灵活、高效的决策结构，能够迅速响应市场需求。

#### 1.2 使命宣言

卓越咨询的使命是为企业提供精准、创新且可执行的战略解决方案，帮助客户在竞争激烈的市场中脱颖而出。我们秉承客户至上的原则，以深入分析和行业前瞻性为基础，为每个客户量身定制独特的咨询方案，助力他们在快速变化的商业环境中取得成功。

#### 1.3 业务目标

卓越咨询有限公司设定了以下业务目标，以确保公司在未来几年的稳步发展：

- **第一年目标**：实现至少50个企业客户，建立品牌认知度，逐步渗透目标市场。
- **三年目标**：成为中国中小企业咨询市场中的领先公司，并在业内树立卓越的口碑。
- **技术目标**：开发并推广两款基于AI的业务优化工具，进一步提升服务效率与客户体验。

#### 1.4 所需资金与资金用途

- **资金需求**：500万元人民币
- **资金用途**：
  - **营销推广**：150万元，用于品牌建设、线上广告、行业展会和研讨会等活动。
  - **技术研发**：100万元，用于AI技术开发和数据分析工具的建设。
  - **办公设备与设施**：50万元，用于购置现代化办公设备和提升办公环境。
  - **运营资金**：200万元，用于公司日常运营和人员薪资。

---

### 2. 业务描述

#### 2.1 公司历史

卓越咨询有限公司成立于2023年，专注于为中小型企业提供高效且实用的管理咨询服务。通过分析客户企业的现状，发现潜在的优化空间，帮助客户设计创新解决方案，提升其整体运营效率和市场竞争力。我们致力于成为推动中小企业可持续发展的重要合作伙伴。

#### 2.2 服务领域

卓越咨询的核心服务包括：

- **业务流程优化咨询**：通过深入分析企业现有的运营流程，提出优化建议，帮助客户提高效率、降低成本、减少风险。
- **市场进入与扩展策略**：为企业制定进入新市场或扩大市场份额的战略，包括详细的市场定位、竞争分析以及营销策略。
- **战略规划与企业管理**：提供专业的战略规划与企业管理咨询，帮助客户实现长期稳定的增长。

#### 2.3 公司愿景与使命

卓越咨询的愿景是成为中小型企业咨询行业的领导者，推动中国中小企业在数字化时代实现长足发展。我们的使命是通过创新的解决方案和专业的咨询服务，帮助客户优化运营，提升市场竞争力，实现可持续增长。

---

### 3. 市场分析

#### 3.1 行业概况

全球咨询行业正在经历快速的数字化转型，人工智能（AI）、大数据分析和云计算等技术的不断进步，使得传统的咨询服务逐渐向更加智能化、数据驱动的方向发展。尤其是在中国，随着市场竞争的加剧和经济结构的变化，中小型企业对专业咨询服务的需求日益增长。根据《2023年中国企业数字化转型报告》显示，80%的中小型企业在未来三年内计划进行业务优化与数字化转型。

#### 3.2 目标市场

卓越咨询的目标市场主要是中国的中小型企业，尤其是那些处于成长阶段、需要市场扩展与战略指导的公司。根据中国国家统计局的数据，中国中小型企业数量超过3000万，其中大多数分布在二线和三线城市。随着中国经济的发展与产业结构的优化，这些企业对专业咨询服务的需求将进一步增长。

目标市场细分为以下几类：

- **传统制造业**：亟需优化运营流程，提升生产效率。
- **互联网科技公司**：需要通过战略规划与市场定位提升竞争力。
- **零售及服务行业**：需要创新业务模式和优化市场扩展策略。

#### 3.3 竞争分析

在中国咨询行业，主要竞争者包括全球性的大型咨询公司如麦肯锡、普华永道等。然而，这些公司主要集中服务于大型企业，对中小型企业的关注较少。因此，卓越咨询有限公司在市场中具有明显的竞争优势，能够针对中小企业的实际需求提供量身定制的服务。

- **麦肯锡咨询公司**：优势在于全球知名度和强大的专家团队，但主要服务大型企业，价格昂贵，服务相对标准化，难以满足中小型企业的需求。
- **普华永道**：提供综合性服务，全球布局广泛，但同样面临定制化服务不足的问题，难以有效覆盖中小企业市场。

#### 3.4 市场机会

卓越咨询有限公司的最大市场机会在于中国中小型企业对高效且具有成本效益的咨询服务的迫切需求。目前，专注于中小企业的咨询公司较为稀缺，市场竞争较少，卓越咨询凭借其创新的服务模式和AI技术的应用，有望在这一市场迅速占领一席之地。

---

### 4. 产品和服务

#### 4.1 业务流程优化咨询

**描述**：通过对企业现有流程的全面分析，卓越咨询提供量身定制的流程优化方案，帮助客户提高运营效率、降低运营成本，并减少管理上的风险。我们的优化方案包括数字化工具的引入、自动化流程的设计以及精益生产方法的应用。

**定价**：每月10万元

**独特优势**：
- 全面分析企业流程，找到潜在的效率瓶颈。
- 使用最新的流程管理工具和技术，确保持续改进。
- 提供定制化方案，确保方案的高效性与可实施性。

#### 4.2 市场进入与扩展策略

**描述**：基于对目标市场的深入分析，卓越咨询帮助企业制定市场进入战略或扩展现有市场份额的计划。我们结合AI技术进行市场定位，评估竞争对手，提供具体的市场推广策略。

**定价**：项目定价，视项目规模而定

**独特优势**：
- 精准的市场定位与竞争分析。
- 定制化的市场拓展计划。
- 专注于可执行的战略规划，确保客户实现实际增长。

#### 4.3 独特价值主张

卓越咨询的独特价值在于将AI技术与数据分析深度结合，利用前沿的科技手段，提供量身定制的咨询服务。我们帮助客户优化成本结构、提升业务效率，从而增强市场竞争力。我们致力于为中小型企业提供创新、高效且具有成本效益的解决方案。

#### 4.4 知识产权

卓越咨询有限公司拥有一项针对业务流程优化的专利技术，并且已注册“卓越咨询”商标，确保品牌与技术的独立性和市场竞争力。

---

### 5. 营销和销售策略

#### 5.1 市场定位

卓越咨询专注于为中小型企业提供专业且个性化的咨询服务。我们通过精准的市场定位与服务创新，确保满足客户在成本、效率、市场拓展等方面的需求。

#### 5.2 定价策略

我们的定价策略为市场渗透定价，初期通过具有竞争力的价格吸引中小型企业客户，随着服务的增值与客户的满意度提高，逐步调整定价策略，反映服务的附加值。

#### 5.3 推广渠道

- **线上广告**：通过社交媒体平台（如微信、微博）和搜索引擎广告（如Google Ads）吸引潜在客户。
- **行业展会与研讨会**：参与行业相关展会和研讨会，增加品牌曝光和行业影响力。
- **客户推荐计划**：鼓励现有客户推荐新客户，并给予相应的奖励。

#### 5.4 销售流程

我们的销售流程包括以下几个步骤：
1. 利用线上平台和行业活动吸引潜在客户。
2. 进行初步沟通，了解客户需求。
3. 提供定制化解决方案并签订合同。
4. 开始实施咨询服务，并进行项目跟进。

---

### 6. 运营计划

#### 6.1 公司结构

卓越咨询有限公司的核心团队由以下几位高管组成：
- **创始人兼总",,,,
健身,"**FitLife 健身中心商业计划书**

---

### 1. 执行摘要

**1.1 使命宣言**

FitLife 健身中心致力于为每个人提供健康、活力和快乐的生活方式。我们希望通过个性化的健身方案、专业的教练团队和一流的设施，为客户打造一个舒适、有效且充满动力的健身环境，让每一位成员都能实现他们的健康目标。

**1.2 业务描述**

FitLife 健身中心是一家提供高品质健身服务的公司，旨在帮助客户通过科学的训练方法和个性化的指导，达到健康和体型塑造的目标。我们的业务模式包括私人教练服务、团体课程以及定制化的健身计划。我们将通过先进的健身设施、专业的教练团队、优质的客户服务，满足不同人群的需求，并通过持续创新保持市场竞争力。

**1.3 所需资金**

为了扩展市场推广、更新设备并提升服务质量，FitLife 健身中心计划融资500,000元。资金将主要用于以下几个方面：
- **市场推广**：用于增加品牌曝光度，吸引新客户。
- **设备购买**：引入先进的健身设备，更新现有设施。
- **培训与发展**：为教练团队提供持续的专业培训，确保他们能提供更高效的服务。

**1.4 目标**

- 成为本地最受欢迎的健身中心，树立行业标杆。
- 建立和维护强大的会员基础，确保长期稳定的收入。
- 提供个性化和专业化的健身方案，满足不同客户群体的需求，增强客户忠诚度。
- 每年增长20%的营业收入，确保公司在竞争激烈的市场中脱颖而出。

---

### 2. 业务描述

**2.1 公司历史**

FitLife 健身中心由一群健身爱好者和创业者于2020年共同创立。我们秉承着“健康、活力、快乐”的理念，致力于为社区提供高品质的健身服务。我们的创始团队具有多年的健身行业经验，并致力于创建一个创新、专业且友好的健身环境。成立以来，FitLife 已在当地获得了一定的品牌认知度，并在短短两年内积累了一批忠实会员。

**2.2 法律结构**

FitLife 健身中心为有限责任公司（LLC），其所有者和管理团队都积极参与公司的运营与发展。通过这种结构，我们能够灵活应对市场变化，确保公司长远发展。

**2.3 位置**

FitLife 健身中心位于市中心商业区，地理位置优越，交通便利。周围有大量的办公楼和学校，潜在客户群体主要为白领和学生。由于地理位置的优势，我们能够方便地吸引到大量的周边客户，并确保健身中心的持续流量。

**2.4 成立日期**

FitLife 健身中心于2020年1月成立，自成立以来，我们迅速在当地健身市场中占有一席之地，并持续扩展我们的会员基础和服务范围。

---

### 3. 市场分析

**3.1 行业概况**

近年来，随着健康意识的提高，健身行业正在迅速发展。根据市场研究，预计未来五年内，健身市场将继续稳定增长。越来越多的人关注身体健康，尤其是在城市地区。健康生活方式的普及促使健身服务需求不断上升。尤其是个性化服务、专业教练的需求急剧增长，这为我们提供了巨大的市场机会。

**3.2 目标市场**

FitLife 健身中心的目标市场是18至50岁之间的城市居民，尤其是白领和学生群体。这个群体有较高的收入水平和健康意识，对健身有较强的需求。根据我们的市场调研，潜在客户群体超过10万人，而且随着城市化进程的加快，市场的增长潜力巨大。

我们将重点关注以下人群：
- **白领群体**：这些人群工作压力大，健康意识强，通常寻找便捷且有效的健身方案。
- **学生群体**：他们有较高的健身兴趣，并且更容易接受灵活的健身课程安排。
- **健身初学者和专业健身爱好者**：不同层次的客户群体都能在FitLife找到适合的课程和计划。

**3.3 竞争分析**

FitLife 所在的市场竞争较为激烈，目前主要的竞争者包括：

- **StrongFit 健身中心**：优势在于设备先进、品牌知名度高，但其劣势在于定价较高，缺乏个性化服务。
- **Flex Gym**：优势在于价格亲民，开放时间长，但设施相对较旧，缺乏专业教练团队。

FitLife 的竞争优势在于：
- 个性化服务：根据客户需求提供定制化的健身方案。
- 高品质体验：优质的设施、舒适的环境以及专业的教练团队。
- 灵活的定价策略：我们根据客户需求和预算提供不同的套餐选项，确保广泛的客户群体能够享受到高质量的健身服务。

---

### 4. 产品和服务

**4.1 产品概述**

FitLife 健身中心提供两大核心服务：

- **私人健身教练服务**  
  提供一对一的个性化健身指导，确保客户在专业教练的指导下达到最佳训练效果。每小时收费200元，定制化的训练计划和个性化的锻炼方式帮助客户实现快速的健康目标。

- **团体健身课程**  
  我们提供多种团体课程，包括瑜伽、普拉提、HIIT等，每节课收费100元。通过团体的互动氛围，客户可以在社交中享受健身，提升参与度和乐趣。

**4.2 独特价值主张**

FitLife 健身中心的独特价值主张是：提供个性化的健身方案，并结合专业的教练团队和高品质的健身设施，为客户提供全方位的健康管理体验。我们强调专属关怀，帮助每位客户实现健康和体型塑造的目标。

**4.3 知识产权**

FitLife 拥有独特的健身课程设计，结合国际流行趋势和本地市场需求，我们的课程内容和训练方式不断创新，确保客户能体验到最新和最有效的健身方法。

---

### 5. 营销和销售策略

**5.1 市场定位**

FitLife 健身中心定位于追求健康生活方式的城市白领和学生群体。我们的服务注重个性化定制和高品质的健身体验，目标是成为他们首选的健身中心。

**5.2 定价策略**

我们的定价策略是结合高品质的服务与合理的价格，确保客户获得超值体验，同时保持盈利能力。私人健身教练服务定价在市场中属于中高档，而团体课程则提供实惠的价格，确保各类客户群体都能享受到高品质的服务。

**5.3 推广渠道**

- **社交媒体广告**：通过微信、微博等社交平台，发布品牌相关内容和活动推广，吸引潜在客户。
- **合作推广活动**：与本地企业、学校、社区等机构合作，开展联合促销，扩大市场影响力。
- **会员推荐奖励**：通过推荐奖励机制，激励现有会员介绍新客户，扩大客户基数。

**5.4 销售流程**

潜在客户可以通过我们的官方网站或社交媒体平台预约免费体验课程。体验后，我们将根据客户需求推荐合适的健身套餐，并提供一对一的咨询服务，确保客户能够顺利转化为正式会员。

---

### 6. 运营计划

**6.1 业务结构**

FitLife 健身中心将设立以下主要团队：
- **健身教练团队**：负责制定个性化的训练计划，并提供专业的指导。
- **前台接待团队**：负责客户接待、会员管理及课程安排。
- **清洁保洁团队**：确保设施和环境的整洁与卫生。

**6.2 设施配置**

我们的健身中心配备先进的健身设备，包括力量训练器械和有氧运动设备。此外，我们还为会员提供宽敞舒适的更衣室，配有储物柜和淋浴设施，确保会员的使用体验。

**6.3 关键角色**

- **健身教练**：负责制定个性化训练计划，并指导客户进行有效训练，确保锻炼效果和客户的安全。
- **前台接待**：负责接待客户、管理会员信息，并协调课程安排和日常运营。

**6.4 供应链管理**

与健身设备供应商建立长期合作关系，确保设备定期更新并保持良好的使用状态。此外，我们将与健康",,,,
建筑,"**建筑未来有限公司商业计划书**

---

### 1. 执行摘要

**公司名称**：建筑未来有限公司  
**行业**：建筑  
**成立时间**：2020年6月15日  
**总部位置**：北京市中关村科技园区  

#### 使命宣言
“建筑未来，创造永恒”——建筑未来有限公司致力于提供创新的建筑解决方案，专注于打造绿色、智能、可持续的建筑物。我们的目标是通过每一个项目推动建筑行业的可持续发展，为社会创造更高质量的生活空间。

#### 业务概述
建筑未来有限公司专注于智能化和绿色建筑设计，致力于通过创新技术与环保理念的结合，为客户提供符合未来城市发展需求的建筑方案。公司不仅聚焦建筑设计本身，还在材料选择、施工流程和能源管理上融入高科技与绿色可持续的元素，推动建筑行业迈向绿色、智能化未来。

#### 所需资金
为支持公司未来的扩展、技术研发与市场推广，我们计划筹集资金1000000元，资金将用于以下几个主要方面：
- **技术研发**：进一步加强智能化与绿色建筑设计技术的创新与迭代。
- **市场推广**：提高品牌知名度，通过线上线下渠道开拓市场。
- **公司扩展**：扩大团队规模，完善业务运营和服务能力。

#### 目标
- 成为智能绿色建筑设计领域的本地领先者，推动建筑行业的可持续发展。
- 打造具有国际竞争力的建筑设计团队，并扩大在绿色建筑市场中的份额。

---

### 2. 业务描述

#### 公司历史
建筑未来有限公司成立于2020年，由一群有着丰富建筑设计经验及科技背景的年轻人共同创立。公司自成立以来，一直秉持“绿色环保、创新科技”的理念，致力于推动建筑行业向绿色、智能方向转型。公司总部位于北京市中关村科技园区，依托科技园区丰富的创新资源和人才优势，快速成长。

#### 法律结构
公司采用有限责任公司（LLC）结构，法人代表为李明，公司的运营由公司管理团队负责。

#### 地理位置
建筑未来有限公司的总部位于北京市中关村科技园区，这一地理位置为公司提供了优越的资源支持，便于与政府、科技园区及行业合作伙伴建立紧密的合作关系。

---

### 3. 市场分析

#### 行业概况
建筑行业正面临着一场革命，智能化和绿色建筑的需求不断增长。随着城市化进程的加快和环保法规的日益严格，市场对于节能、环保、智能化建筑的需求越来越强烈。据预测，未来五年内绿色建筑市场的年增长率将维持在10%以上，行业总规模将继续扩大。

#### 目标市场
建筑未来有限公司的目标市场为城市中的高收入家庭和企业客户，特别是那些对绿色建筑与智能化系统有较高需求的群体。目标市场的年交易额预计在500亿元以上，且随着环保意识的增强，市场需求将持续增长。

#### 市场机会
1. **高端智能绿色建筑市场**：随着消费者对生活质量要求的提高，市场对于高端绿色建筑的需求不断增加。建筑未来有限公司在这一领域具备技术优势，能够满足市场日益增长的需求。
2. **节能与环保法规的推动**：政府对建筑节能与环保的政策支持为智能绿色建筑的发展提供了强大的推动力。公司能通过创新的建筑设计与技术解决方案，满足政策要求，并抓住市场机遇。

#### 竞争分析
1. **创新建筑设计有限公司**
   - **优势**：具备强大的技术创新能力，团队经验丰富。
   - **劣势**：市场推广不足，知名度较低，影响力较小。

2. **绿色建筑科技有限公司**
   - **优势**：在绿色建筑领域具备领先技术，环保理念深入人心。
   - **劣势**：产品定价较高，市场份额相对较小，面临较大成本压力。

通过比较分析，建筑未来有限公司具有明显的竞争优势，特别是在智能化技术与绿色建筑设计的融合方面，能够提供更高附加值的产品。

---

### 4. 产品与服务

#### 核心产品
建筑未来有限公司的核心产品为**智能绿色建筑设计方案**。该方案结合最前沿的科技与自然元素，致力于提升建筑的能源效率、环境友好性以及居住舒适度。我们的建筑设计方案不仅能够有效减少能源消耗，还能通过智能化管理系统提高建筑使用者的生活质量和工作效率。

- **产品特点**：
  - **节能环保**：采用绿色建筑材料，配备智能化能源管理系统，能够显著减少能源消耗。
  - **智能化控制**：集成先进的智能化管理系统，提高建筑的自适应性和能源利用效率。
  - **舒适性与美观性**：结合创新设计理念和人性化元素，提升建筑使用者的体验。

#### 独特价值主张
建筑未来有限公司的独特价值主张是将**科技**与**绿色建筑理念**完美结合，为客户提供智能化、环保且具有未来感的建筑解决方案。我们致力于通过技术创新不断提升建筑的节能性、舒适性和环境友好性，满足现代社会对绿色建筑的迫切需求。

#### 知识产权
公司目前拥有多项建筑设计和智能化技术的专利，包括智能建筑管理系统、绿色建筑节能技术等。这些专利技术为公司提供了强大的市场壁垒，并确保了我们在产品创新和技术研发方面的领先地位。

---

### 5. 营销与销售策略

#### 市场定位
建筑未来有限公司定位为高端智能绿色建筑设计领域的领导者。我们将专注于为高收入家庭和企业客户提供定制化的智能绿色建筑设计解决方案。

#### 定价策略
我们根据项目的规模和特点，采用差异化定价策略。每一个项目的报价都经过详细的需求分析和预算评估，以确保客户获得最佳的性价比。

#### 推广渠道
1. **建筑展会**：积极参与各类建筑展会和行业交流活动，提高品牌知名度。
2. **社交媒体广告**：利用社交平台推广我们的产品和服务，吸引潜在客户的关注。
3. **合作伙伴推荐**：与建材供应商、地产开发商等合作伙伴建立战略合作，进行客户推荐。

#### 销售流程
1. **客户咨询**：客户通过线上或线下渠道了解我们的产品和服务。
2. **需求分析**：为客户提供专业的需求分析，帮助其明确项目要求。
3. **方案设计**：根据客户需求，提供定制化的建筑设计方案。
4. **签订合同**：在双方达成一致后签订正式合同。
5. **施工实施**：项目正式实施，由专业团队负责施工和管理，确保项目质量。

---

### 6. 运营计划

#### 业务结构
建筑未来有限公司采用平铺式管理结构，各项目团队负责具体项目的执行与管理。公司总部设有项目管理部门、设计团队、市场推广部门、研发部门等，确保业务高效运作。

#### 设施
公司总部位于北京市中关村科技园区，设有现代化办公室与设计工作室，配备先进的建筑设计软件，能够满足高效创作与设计的需求。

#### 关键角色
- **创始人兼CEO**：李明，负责公司战略规划与业务拓展，致力于推动公司发展和合作伙伴关系管理。
- **首席设计师**：王伟，主导项目设计与创意工作，带领设计团队实现建筑设计的创新。

#### 供应链管理
我们与多家优质建材供应商建立了长期稳定的合作关系，确保建筑材料的质量与供应稳定。同时，我们还与各类施工队伍建立了合作网络，确保施工质量和进度。

---

### 7. 财务计划

#### 启动成本
- 办公室租金与装修：50,000元
- 设计软件购置：20,000元
- 初期研发费用：30,000元

#### 经常性成本
- 员工工资（月度）：30,000元
- 市场推广费用（月度）：10,000元
- 运营成本（月度）：20,000元

#### 资金需求
公司计划筹集资金500,000元，用于以下几个方面：
- **技术研发投入**：200,000元
- **市场推广费用**：100,000元
- **运营支出与人员扩展**：200,000元

#### 财务预测
- **收入预测**：
  - 第1年：800,000元
  - 第2年：1,200,000元
- **支出预测**：
  - 第1年：600,000元
  - 第2年：900,000元
- **利润预测**：
  - 第1年：200,000元
  - 第2年：300",,,,
